Unique,Pond,Individual ,Month,Standard Length ,FD ,SD,PS,PG,Spiney,GW,Left Plates,BD,Treatment,Cross,Collection,AdjFD,AdjSD,AdjPG,AdjPS,AdjGW,AdjBD,AdjTotalSpine,AdjSD2
5545,5,51,13-Sep,29.68,0,2.22,2.71,4.72,7.64,1.7,4,5.25,NP,1,Net,0,2.884177811,5.998594073,3.356752634,2.673158872,7.541219974,6.240930445,2.839914778
5546,5,52,13-Sep,34.64,0,2.6,2.71,4.53,8.02,2.03,4,6.38,NP,1,Net,0,2.944960569,5.194075991,3.045910283,2.535439104,7.570013475,5.990870852,2.921971241
5547,5,53,13-Sep,33.53,0,2.41,0,0,2.41,1.55,5,6.1,NP,1,Net,0,2.826398298,0,0,2.160110262,7.536452833,2.826398298,2.798648122
5548,5,54,13-Sep,27.91,0,1.81,0,0,1.81,1.67,4,5.39,NP,1,Net,0,2.588092029,0,0,2.810066934,8.074190842,2.588092029,2.536237371
5549,5,55,13-Sep,25.54,0,2.27,1.96,3.81,6.19,1.33,4,4.94,NP,1,Net,0,3.200621236,5.601518439,2.866205725,2.693554,8.150372173,6.066826961,3.138601521
5550,5,56,13-Sep,28.05,0,1.78,2.69,4.26,7.16,1.53,1,5.66,NP,1,Net,0,2.549081865,5.740542555,3.438904455,2.656865166,8.3131084,5.98798632,2.497827675
5551,5,57,13-Sep,26.32,0,1.88,2.2,2.9,6.28,1.15,4,4.84,NP,1,Net,0,2.76042175,4.594880515,3.057323259,2.440001295,7.877198571,5.817745009,2.701747497
5552,5,58,13-Sep,26.94,0.27,1.73,2.09,4.14,6.18,1.29,4,5.23,NP,1,Net,1.033205704,2.570519595,5.758065755,2.908467965,2.521536324,8.129547758,6.512193264,2.514504555
5553,5,59,13-Sep,28.11,0,1.84,1.85,3.52,5.54,1.29,3,4.86,NP,1,Net,0,2.605220366,4.993108869,2.595144265,2.411207266,7.499787354,5.200364631,2.554223519
5554,5,60,13-Sep,35.28,0,2.7,0.7,2.49,4.1,2.05,3,7.01,NP,1,Net,0,3.003771247,3.074783336,0.995801592,2.495088166,8.057922314,3.999572839,2.983526914
5555,5,61,13-Sep,37.97,0,2.72,0,0,2.72,2.23,3,6.69,NP,1,Net,0,2.85064738,0,0,2.421425631,7.140695402,2.85064738,2.841940601
5556,5,62,13-Sep,28.45,0,2.07,2.33,3.83,6.73,1.32,4,5.15,NP,1,Net,0,2.813338539,5.260984646,3.053836523,2.40914583,7.714301425,5.867175062,2.76379997
5557,5,63,13-Sep,33.65,0,2.32,1.94,1.41,6.2,2.05,3,6.65,NP,1,Net,0,2.728675301,2.196731818,2.337953413,2.648794461,8.05981074,5.066628714,2.70143981
5558,5,64,13-Sep,26.05,0,1.69,2.4,3.78,6.49,1.37,3,5.77,NP,1,Net,0,2.587798495,5.508332104,3.274244113,2.685461847,8.867143279,5.862042608,2.527966197
5559,5,65,13-Sep,34.8,0,2.67,3.85,5.58,10.37,2.03,3,6.8,NP,1,Net,0,3.004663238,6.224252827,4.17588311,2.520351369,7.954490685,7.180546348,2.98236016
5560,5,66,13-Sep,26.84,0,1.44,1.41,3.17,4.26,1.43,3,5.04,NP,1,Net,0,2.286955426,4.800455233,2.234734948,2.670966158,7.961749502,4.521690374,2.230511481
5561,5,67,13-Sep,35.73,0,2.91,3.21,5.25,9.33,2.16,4,6.59,NP,1,Net,0,3.184810005,5.779030687,3.477600169,2.562653913,7.538014466,6.662410174,3.166495746
5562,5,68,13-Sep,25.83,1.13,1.86,1.84,3.62,6.67,1.41,4,4.88,NP,1,Net,1.958072345,2.771957324,5.375588955,2.728031475,2.746207482,8.025987116,7.458061144,2.711181435
5563,5,69,13-Sep,28.48,1.17,1.95,2.31,3.44,7.74,1.28,4,5.29,NP,1,Net,1.843210544,2.691407789,4.867267802,3.031956428,2.36631688,7.847640902,7.566574761,2.641997892
5564,5,70,13-Sep,34.2,0.92,2.27,2.07,2.16,7.33,1.98,4,6.81,NP,1,Net,1.258942809,2.643278227,2.878589692,2.433485007,2.526930374,8.097701148,6.335706043,2.618401717
5565,5,71,13-Sep,28.17,1.1,1.71,2.49,4.78,7.79,1.44,3,5.54,NP,1,Net,1.791326453,2.471358867,6.245675182,3.231384075,2.555549365,8.166466308,7.494069395,2.420619363
5566,5,72,13-Sep,32.21,0,2.18,0,0,2.18,2.07,3,6.51,NP,1,Net,0,2.681351274,0,0,2.804584071,8.239515853,2.681351274,2.647939547
5567,5,73,13-Sep,28.35,0,1.9,1.84,4.2,5.58,1.46,5,5.49,NP,1,Net,0,2.64977437,5.643374123,2.570103506,2.558575664,8.076503169,5.219877876,2.599806896
5568,5,74,13-Sep,32.61,0,1.93,3.2,5.07,8.33,1.79,4,6.07,NP,1,Net,0,2.405607948,5.985582384,3.663130035,2.486864735,7.710708877,6.068737983,2.373911842
5569,5,75,13-Sep,35.03,0,2.63,0,0,2.63,1.91,3,6.4,NP,1,Net,0,2.949860826,0,0,2.378662751,7.503426674,2.949860826,2.928544229
5570,5,76,13-Sep,30.59,0,2,0,0.68,2,1.7,2,5.73,NP,1,Trap,0,2.605611745,1.845849828,0,2.587347382,7.819184104,2.605611745,2.56525175
5571,5,77,13-Sep,34.35,0,2.33,0,3.81,2.33,1.94,3,6.46,NP,1,Trap,0,2.69362448,4.510005476,0,2.472785623,7.714398532,2.69362448,2.669391327
5572,5,78,13-Sep,33.35,0,1.86,0,0,1.86,1.91,4,6.23,NP,1,Trap,0,2.287982795,0,0,2.537083963,7.706415972,2.287982795,2.259460589
5573,5,79,13-Sep,38.67,0,2.59,2.42,5.26,7.43,2.3,4,7.65,NP,1,Trap,0,2.675596559,5.42478005,2.503350872,2.425416793,7.945283194,5.178947431,2.669892118
5574,5,80,13-Sep,38,0,2.49,0,0,2.49,2.4,3,7.6,NP,1,Trap,0,2.61871663,0,0,2.588596681,8.044034879,2.61871663,2.610138523
5575,5,81,13-Sep,37.13,0,2.69,3.43,6.26,9.55,2.24,4,7.18,NP,1,Trap,0,2.874708364,6.615578003,3.609862409,2.510636237,7.817190051,6.484570773,2.86239878
5576,5,82,13-Sep,32.48,0,2.13,2.35,4.67,6.83,1.96,5,6.89,NP,1,Trap,0,2.613974529,5.601688704,2.821277113,2.669123519,8.559571144,5.435251642,2.581720846
5577,5,83,13-Sep,36.09,0,2.24,0,0,2.24,2.35,0,7.09,NP,1,Trap,0,2.491641012,0,0,2.71870651,7.958088188,2.491641012,2.474870812
5578,5,84,13-Sep,34.78,1.66,1.85,2.47,5.56,8.45,2.13,4,7.08,NP,1,Trap,1.965048528,2.185950405,6.206730723,2.797136507,2.622237336,8.238931034,6.94813544,2.163561545
5579,5,85,13-Sep,40.35,0,2.34,2.47,4.35,7.28,2.27,3,7.78,NP,1,Trap,0,2.31747459,4.306636829,2.44806556,2.236995581,7.702293896,4.76554015,2.318975758
5580,5,86,13-Sep,32.57,1.36,2.06,2.01,4.58,7.44,1.75,4,6.36,NP,1,Trap,1.794197426,2.538182281,5.500538175,2.475636828,2.450636668,8.009589575,6.808016535,2.506314613
5581,5,87,13-Sep,37.86,0,2.4,2.06,3.72,6.52,2.36,2,7.47,NP,1,Trap,0,2.537726794,3.985134817,2.194113434,2.561798448,7.94511732,4.731840228,2.52854822
5582,5,88,13-Sep,32.3,0,2.25,3.11,4.84,8.47,1.74,3,6.23,NP,1,Trap,0,2.745559026,5.793989764,3.592557682,2.46609722,7.939534283,6.338116708,2.712533313
5583,5,89,13-Sep,37.69,0,2.41,0,5.59,2.41,2.08,4,7.19,NP,1,Trap,0,2.558667708,5.876196929,0,2.297829166,7.702860285,2.558667708,2.548759994
5584,5,90,13-Sep,35.16,0,3.01,0,4.82,3.01,2.17,4,6.8,NP,1,Trap,0,3.321494245,5.419650709,0,2.626403967,7.874564407,3.321494245,3.300735225
5585,5,91,13-Sep,42.89,0,2.82,3.7,5.93,10.22,3.01,4,8.75,NP,1,Trap,0,2.634004469,5.571944102,3.518884195,2.737477797,8.1083696,6.152888664,2.646399834
5586,5,92,13-Sep,28.33,0,2.02,0,0.65,2.02,1.54,5,5.63,NP,1,Trap,0,2.771061537,2.095852019,0,2.640461631,8.220943517,2.771061537,2.721008281
5587,5,93,13-Sep,34.51,0,1.08,3.91,5.21,8.9,1.93,4,6.59,NP,1,Trap,0,1.43332715,5.890182312,4.25405736,2.447697888,7.808875742,5.68738451,1.409780245
5588,5,94,13-Sep,34.11,0,2.45,2.89,4.84,8.23,1.91,4,6.53,NP,1,Trap,0,2.829070476,5.569740222,3.259125292,2.465417224,7.837682718,6.088195768,2.80380795
5589,5,95,13-Sep,35.33,1.99,2.09,0,1.49,4.08,2.06,4,6.4,NP,1,Trap,2.262907399,2.390553331,2.068588597,0,2.500373249,7.436821442,4.65346073,2.370523451
5590,5,96,13-Sep,38.71,0,2.21,3.26,5.88,8.73,2.72,4,7.63,NP,1,Trap,0,2.293022226,6.039824259,3.340844079,2.841644859,7.916402497,5.633866305,2.287489347
5591,5,97,13-Sep,39.55,0,2.51,2.92,4.62,8.35,2.32,2,7.08,NP,1,Trap,0,2.538961242,4.675752649,2.948201423,2.362434253,7.179907848,5.487162665,2.537031168
5592,5,98,13-Sep,39.95,0,2.7,3.21,5.82,9.12,2.5,3,7.98,NP,1,Trap,0,2.703217916,5.826194739,3.213133491,2.504714917,7.991100872,5.916351407,2.703003463
5593,5,99,13-Sep,37.63,0,2.47,3.49,5.67,9.45,1.88,4,6.89,NP,1,Trap,0,2.622529207,5.963630616,3.638527494,2.103487066,7.416181331,6.261056701,2.61236415
5594,5,100,13-Sep,36.41,2.23,2.68,3.1,5.4,11.11,1.84,4,6.41,NP,1,Trap,2.439793911,2.911046351,5.84478224,3.324984686,2.178531042,7.207042607,8.675824948,2.895648649
5645,6,51,13-Sep,25.04,1.28,1.83,0,3,3.11,1.04,3,5.04,NP,6,Net,2.154238693,2.792800393,4.853465827,0,2.45070317,8.361380893,4.947039086,3.039691627
5646,6,52,13-Sep,30.89,1.47,2.52,0,1.73,3.99,1.63,1,5.96,NP,6,Net,2.002373963,3.10630425,2.858681396,0,2.48905788,7.982578873,5.108678213,3.256650449
5647,6,53,13-Sep,44.81,2.64,3.1,2.09,6.12,9.92,3.03,3,10.16,NP,6,Net,2.358911222,2.790436505,5.524066135,1.788558123,2.576424983,9.092096117,6.93790585,2.711055032
5648,6,54,13-Sep,30.6,0,2.37,1.86,3.71,6.09,1.77,3,6.35,NP,6,Net,0,2.974968162,4.87461088,2.449096391,2.656404399,8.43696393,5.424064553,3.130100354
5649,6,55,13-Sep,31.91,0,2.39,2.69,4.81,7.77,1.66,3,6.8,NP,6,Net,0,2.910658769,5.812308726,3.196998915,2.422873573,8.596121085,6.107657684,3.044171475
5650,6,56,13-Sep,28.33,0.41,2.18,0,0,2.59,1.7,0,5.68,NP,6,Net,1.091976307,2.931061537,0,0,2.800461631,8.270943517,4.023037844,3.123656503
5651,6,57,13-Sep,31.22,1.57,2.69,3.52,5,11.3,1.67,3,6.51,NP,6,Net,2.083089286,3.255066006,6.08779612,4.070241097,2.497939428,8.459313118,9.408396389,3.399966075
5652,6,58,13-Sep,35.13,0,2.85,0,2.25,2.85,2.08,3,7.23,NP,6,Net,0,3.163424994,2.853367552,0,2.539232917,8.31122493,3.163424994,3.243796673
5653,6,59,13-Sep,43.31,0,3.83,0,0,3.83,3.02,3,8.76,NP,6,Net,0,3.616973977,0,0,2.707872494,8.025122276,3.616973977,3.562347641
5654,6,60,13-Sep,42.44,1.18,3.19,0,0,4.37,2.83,4,8.72,NP,6,Net,1.037410267,3.032965711,0,0,2.59991205,8.178277448,4.070375978,2.992697355
5655,6,61,13-Sep,28.3,0,2.13,0,0,2.13,1.67,2,6.17,NP,6,Net,0,2.882992286,0,0,2.773290581,8.767604041,2.882992286,3.076082355
5656,6,62,13-Sep,33.68,2.04,2.63,3.76,5.48,12.19,1.83,3,6.93,NP,6,Net,2.409330785,3.036744551,6.263014975,4.156073318,2.42596551,8.333150217,9.602148654,3.141046195
5657,6,63,13-Sep,32.1,1.35,2.56,2.91,4.9,9.73,1.68,3,6.59,NP,6,Net,1.811663481,3.068430689,5.878768719,3.405091648,2.424956888,8.343937771,8.285185818,3.198807744
5658,6,64,13-Sep,44.26,2.49,3.28,0,5.81,5.77,2.75,4,9.49,NP,6,Net,2.241052351,3.005833578,5.282208261,0,2.34828907,8.544205708,5.246885929,2.935528989
5659,6,65,13-Sep,29.02,0,3.18,0,0,3.18,1.51,2,5.35,NP,6,Net,0,3.886654299,0,0,2.545395776,7.787751484,3.886654299,4.067861903
5660,6,66,13-Sep,28.47,1.27,2.24,0,0,3.51,1.26,2,5.81,NP,6,Net,1.943794928,2.982051373,0,0,2.347259863,8.369861076,4.925846301,3.172335859
5661,6,67,13-Sep,27.79,1.83,2.43,1.99,2.98,8.24,1.35,3,5.52,NP,6,Net,2.543533051,3.215815027,4.492755197,2.75519861,2.501382735,8.230832935,8.514546688,3.417321843
5662,6,68,13-Sep,28.09,1.82,2.35,0,0,4.17,1.39,3,5.51,NP,6,Net,2.516001526,3.116507532,0,0,2.513093233,8.154227703,5.632509058,3.313063321
5663,6,69,13-Sep,37.53,0,2.89,0,0,2.89,2.24,4,7.06,NP,6,Net,0,3.048965038,0,0,2.4729169,7.608383075,3.048965038,3.089728497
5664,6,70,13-Sep,40.46,2.67,3.4,0,0.77,6.07,2.46,3,7.78,NP,6,Net,2.643118329,3.370395175,0.713008404,0,2.416622763,7.677871978,6.013513504,3.3628036
5665,6,71,13-Sep,31.57,0,2.57,0,1.45,2.57,1.84,0,6.34,NP,6,Net,0,3.112540596,2.494432949,0,2.634935008,8.211607014,3.112540596,3.251664466
5666,6,72,13-Sep,35.74,0,3,3.33,5.77,9.66,2.17,3,7.47,NP,6,Net,0,3.274166422,6.297791739,3.596973471,2.57171093,8.415794292,6.871139893,3.344471011
5667,6,73,13-Sep,36.73,0,2.97,3.61,6.06,10.19,2.07,2,7.29,NP,6,Net,0,3.18045169,6.465135913,3.81493034,2.378355573,8.015997027,6.99538203,3.234417889
5668,6,74,13-Sep,37.47,0,3.45,0,1.7,3.45,2.58,2,8.12,NP,6,Net,0,3.612826537,2.01345378,0,2.818574801,8.681704122,3.612826537,3.654580202
5669,6,75,13-Sep,28.91,0,2.03,0,3.83,2.03,1.46,0,6.07,NP,6,Net,0,2.743733714,5.203993049,0,2.505768594,8.532173403,2.743733714,2.926756694
5670,6,76,13-Sep,35.24,2.01,3.05,0,4.3,5.06,2.06,3,7.1,NP,6,Trap,2.288166857,3.35634558,4.889739127,0,2.5088601,8.156803011,5.644512437,3.434901881
5671,6,77,13-Sep,42.91,2.72,3.07,0,0,5.79,2.68,4,8.68,NP,6,Trap,2.549944211,2.882717303,0,0,2.40559183,8.033929251,5.432661514,2.834692337
5672,6,78,13-Sep,40.81,2.98,3.38,4.44,7.67,15.24,2.23,1,8.03,NP,6,Trap,2.932664884,3.327869765,7.569645233,4.389237439,2.153618344,7.850165874,10.64977209,3.314501991
5673,6,79,13-Sep,35.72,0,2.77,0,0,2.77,2.2,3,6.93,NP,6,Trap,0,3.045453588,0,0,2.603596896,7.880234641,3.045453588,3.116088246
5674,6,80,13-Sep,40.01,2.93,3.8,4.54,5.95,15.81,2.22,5,7.92,NP,6,Trap,2.929415616,3.799356417,5.948761052,4.539373302,2.219057017,7.917779826,11.26814534,3.799191383
5675,6,81,13-Sep,38.73,0,3.23,0,0,3.23,2.3,3,8.03,NP,6,Trap,0,3.31173506,0,0,2.419758892,8.311962148,3.31173506,3.33269441
5676,6,82,13-Sep,40.31,0,3.61,0,2.68,3.61,2.55,3,8.04,NP,6,Trap,0,3.590048922,2.64159262,0,2.520767515,7.971174594,3.590048922,3.584932861
5677,6,83,13-Sep,42.02,3.22,3.77,3.51,6.58,14.01,2.65,4,8.69,NP,6,Trap,3.101954401,3.639996204,6.329732555,3.383406946,2.459517353,8.241524772,10.12535755,3.606659286
5678,6,84,13-Sep,39.45,2.21,3.14,2.78,3.25,10.91,2.25,3,7.63,NP,6,Trap,2.242141128,3.175397073,3.318142126,2.814468406,2.301864087,7.752109592,8.232006607,3.184473957
5679,6,85,13-Sep,36.35,0.91,2.81,2.34,4.29,8.4,2.03,4,7.21,NP,6,Trap,1.123300216,3.04490785,4.742215927,2.568744875,2.374188942,8.020363654,6.736952941,3.10514535
5680,6,86,13-Sep,36.19,0,3.07,4.08,5.63,11.23,2.32,2,7.43,NP,6,Trap,0,3.31520518,6.102039091,4.318772048,2.679276676,8.275886444,7.633977228,3.378083229
5681,6,87,13-Sep,40.61,2.39,3.47,0,1.53,5.86,2.24,4,7.72,NP,6,Trap,2.354352567,3.430741428,1.454424188,0,2.182478012,7.584569362,5.785093995,3.420674339
5682,6,88,13-Sep,43.9,3.29,3.37,4.24,7.41,15.14,2.75,4,8.78,NP,6,Trap,3.06209018,3.119002571,6.926810379,3.995587667,2.382236473,7.914131986,10.17668042,3.054639215
5683,6,89,13-Sep,49.96,0,4.64,4.89,6.97,14.42,3.06,4,10.45,NP,6,Trap,0,3.998991182,5.736008046,4.265808505,2.120788531,8.238706304,8.264799687,3.834617072
5684,6,90,13-Sep,44.93,2.91,3.34,4.46,7.56,15.17,2.54,4,8.36,NP,6,Trap,2.621898613,3.022713507,6.949198762,4.151037744,2.075109182,7.265454024,9.795649864,2.941351623
5685,6,91,13-Sep,37.53,0,2.96,2.66,5.75,8.28,2.29,3,7.42,NP,6,Trap,0,3.118965038,6.056020093,2.814794477,2.5229169,7.968383075,5.933759515,3.159728497
5686,6,92,13-Sep,42.89,2.51,2.65,0,0,5.16,2.67,6,8.22,NP,6,Trap,2.34111298,2.464004469,0,0,2.397477797,7.5783696,4.805117449,2.416309572
5687,6,93,13-Sep,41.96,2.75,3.84,0,0,6.59,2.46,5,8.26,NP,6,Trap,2.635460706,3.713857702,0,0,2.275175253,7.824845819,6.349318408,3.68151099
5688,6,94,13-Sep,42,0,3.45,3.86,6.79,11.17,2.43,5,8.61,NP,6,Trap,0,3.32128337,6.542210451,3.734660342,2.241403319,8.165965121,7.055943712,3.28827652
5689,6,95,13-Sep,34.06,2.18,2.72,1.93,4.36,8.76,2.03,2,7.02,NP,6,Trap,2.527124187,3.102288391,5.095934961,2.302258783,2.590132141,8.33878359,7.931671361,3.200318734
5690,6,96,13-Sep,41.75,3.01,3.41,0,0,6.42,2.81,0,8.38,NP,6,Trap,2.907732773,3.297372949,0,0,2.644977905,7.991469481,6.205105722,3.268491955
5691,6,97,13-Sep,43.39,2.71,3.52,4.07,6.95,14.37,2.48,4,8.19,NP,6,Trap,2.511893772,3.301825312,6.529996714,3.85754928,2.160328626,7.437360881,9.671268364,3.245878702
5692,6,98,13-Sep,35.95,0,3.02,0,0,3.02,2.15,4,7.03,NP,6,Trap,0,3.280651176,0,0,2.531908278,7.929170629,3.280651176,3.347490046
5693,6,99,13-Sep,39.34,2.82,3.18,1.78,2.81,9.56,2.51,3,7.7,NP,6,Trap,2.858569354,3.222476488,2.891770551,1.821362087,2.572236905,7.84653151,7.902407929,3.233368748
5694,6,100,13-Sep,39.78,0,3.32,4.39,6.56,12.1,2,2,7.61,NP,6,Trap,0,3.334158829,6.58725685,4.403787362,2.020745635,7.658843837,7.737946191,3.337789583
5745,7,51,13-Sep,47.88,2.47,3.09,0,6.67,5.56,3.3,4,10.87,P,6,Net,2.009505287,2.582856477,5.693709177,0,2.556929079,9.120502578,4.592361764,2.657982749
5746,7,52,13-Sep,43.53,2.65,2.98,0,1.82,5.63,2.95,4,9.59,P,6,Net,2.443712394,2.752815148,1.382651446,0,2.617126859,8.806278439,5.196527542,2.786469429
5747,7,53,13-Sep,44.86,1.87,3.35,2.36,6.72,9.94,2.89,4,9.37,P,6,Net,1.585989302,3.037218589,6.117871396,2.055424632,2.431710066,8.290995245,6.678632523,3.083552812
5748,7,54,13-Sep,42.68,0,3.18,0,1.38,3.18,2.81,2,8.79,P,6,Net,0,3.007519716,1.047962004,0,2.557280448,8.194993262,3.007519716,3.033070275
5749,7,55,13-Sep,45.91,2.24,3.05,3.24,6.32,11.77,2.72,4,8.81,P,6,Net,1.894628966,2.669642358,5.587781883,2.869621311,2.162696809,7.497876933,7.433892635,2.725987062
5750,7,56,13-Sep,42.52,2.8,3.36,0,0,6.16,2.84,4,8.4,P,6,Net,2.652735193,3.197817046,0,0,2.602368183,7.840516053,5.850552239,3.221842199
5751,7,57,13-Sep,46.55,3.08,3.91,0,6.74,6.99,2.83,2,9.97,P,6,Net,2.69722838,3.488453036,5.928489227,0,2.212345871,8.515785772,6.185681416,3.550899366
5752,7,58,13-Sep,40.57,2.89,2.93,0,6,5.82,2.55,5,8.41,P,6,Net,2.856690103,2.89331576,5.929379979,0,2.496249946,8.28345006,5.750005863,2.898750021
5753,7,59,13-Sep,43.29,1.88,3.08,0,1.43,4.96,2.74,1,8.81,P,6,Net,1.687737614,2.868261143,1.022386192,0,2.429758461,8.079562624,4.555998757,2.899627315
5754,7,60,13-Sep,40.6,0,3.3,2.74,5.94,8.78,2.04,3,7.5,P,6,Net,0,3.261385011,5.865663135,2.702398103,1.983420996,7.366789536,5.963783114,3.267105285
5755,7,61,13-Sep,39.63,2.74,3.24,4.26,6.53,14.5,2.14,4,7.4,P,6,Net,2.761622214,3.263812577,6.575841067,4.283187837,2.174890386,7.482146453,10.30862263,3.260285074
5756,7,62,13-Sep,33.84,2.34,2.76,3.65,5.46,12.4,1.86,3,6.64,P,6,Net,2.699980638,3.156447221,6.223191811,4.036046146,2.440877776,8.007627427,9.892474005,3.097719069
5757,7,63,13-Sep,43.08,0,3.38,4.28,6.83,11.94,2.6,4,9,P,6,Net,0,3.18177639,6.448404095,4.086976927,2.309561112,8.316186287,7.268753317,3.211140465
5758,7,64,13-Sep,45.38,2.75,3.44,3.22,5.54,12.63,3.04,4,9.35,P,6,Net,2.435601326,3.093752265,4.873446113,2.882836321,2.532674929,8.155546176,8.412189912,3.145044059
5759,7,65,13-Sep,35.27,2.42,3.51,0,1.84,5.93,1.84,4,6.86,P,6,Trap,2.696413704,3.81441483,2.426022283,0,2.286031149,7.910142488,6.510828534,3.76932
5760,7,66,13-Sep,43.89,2.72,3.25,0,2.02,5.97,2.94,4,8.9,P,6,Trap,2.492674564,2.999646154,1.538049327,0,2.573179456,8.036352161,5.492320718,3.036732601
5761,7,67,13-Sep,41.6,0,3.48,0,0,3.48,2.72,3,8.54,P,6,Trap,0,3.377026696,0,0,2.569122656,8.184772097,3.377026696,3.392280761
5762,7,68,13-Sep,40.67,2.69,3.38,3.47,6.02,13.01,2.23,3,8.29,P,6,Trap,2.650846262,3.336879929,5.936990501,3.428011215,2.166820112,8.141248316,9.415737406,3.343267569
5763,7,69,13-Sep,43.51,0,3.39,0,0,3.39,2.73,4,8.52,P,6,Trap,0,3.164102314,0,0,2.399012826,7.740718788,3.164102314,3.19756592
5764,7,70,13-Sep,44.67,3.3,3.61,4.41,7.33,15.73,3.15,3,9.81,P,6,Trap,3.027092601,3.309446669,6.751411403,4.117331899,2.709626751,8.773178558,10.45387117,3.353969472
5765,7,71,13-Sep,36.16,2.51,2.88,0,1.53,5.39,1.83,3,7.09,P,6,Trap,2.734403515,3.12713593,2.005755934,0,2.192105627,7.942546967,5.861539445,3.090526173
5766,7,72,13-Sep,40.48,2.32,3.04,0,1.75,5.36,2.33,4,7.86,P,6,Trap,2.291949561,3.009108009,1.690530508,0,2.284736797,7.753431629,5.30105757,3.013684228
5767,7,73,13-Sep,41.61,2.69,3.25,0,1.99,5.94,2.79,2,8.57,P,6,Trap,2.595914151,3.146383113,1.790529413,0,2.638179672,8.212551923,5.742297264,3.161732516
5768,7,74,13-Sep,41.23,3.35,3.99,0,2.54,7.34,2.32,4,7.92,P,6,Trap,3.278120749,3.910839272,2.387609427,0,2.204013041,7.64691855,7.188960021,3.922565835
5769,7,75,13-Sep,47,3.19,3.9,3.53,6.85,14.15,3.26,3,9.55,P,6,Trap,2.780931093,3.449491795,5.982736578,3.091311198,2.599911618,7.995877924,9.321734086,3.51622833
5770,7,76,13-Sep,50.9,3.27,3.91,0,1.94,7.18,3.84,2,10.7,P,6,Trap,2.633021273,3.208494366,0.589546958,0,2.812148091,8.280009911,5.841515639,3.312412686
5771,7,77,13-Sep,45.63,2.73,3.79,4.61,6.6,15.74,3.36,3,9.38,P,6,Trap,2.400991722,3.427662686,5.90247242,4.257168864,2.829100344,8.130041816,10.08582327,3.481337928
5772,7,78,13-Sep,48.64,3.28,3.97,5.34,7.83,17.93,3.24,4,10.48,P,6,Trap,2.775092092,3.413944158,6.759549148,4.798532679,2.42526234,8.561769324,10.98756893,3.49631611
5773,7,79,13-Sep,46.94,3.11,3.94,0,0,7.05,3.52,3,9.8,P,6,Trap,2.704437398,3.493353293,0,0,2.865569519,8.259198971,6.197790691,3.559517802
5774,7,80,13-Sep,43.87,0,3.2,4.36,7.16,11.92,2.91,4,8.99,P,6,Trap,0,2.950933321,6.680527223,4.117467762,2.545065423,8.13079251,7.068401083,2.987829091
5775,7,81,13-Sep,45.54,0,3.28,0,0,3.28,3.12,2,9.07,P,6,Trap,0,2.923454935,0,0,2.597587195,7.840023386,2.923454935,2.976272136
5776,7,82,13-Sep,46.42,2.7,3.28,4.38,7.57,14.74,3.07,5,9.37,P,6,Trap,2.324825374,2.866819617,6.774595548,3.977659699,2.464604655,7.944648039,9.16930469,2.928026554
5777,7,83,13-Sep,38.06,2.43,3.09,0,5.09,5.52,2.1,6,7.45,P,6,Trap,2.543370526,3.214855131,5.330355863,0,2.28293878,7.880713832,5.758225657,3.196359577
5778,7,84,13-Sep,42.17,1.33,3.09,0,0,4.42,2.92,3,8.37,P,6,Trap,1.203188639,2.950342456,0,0,2.715372602,7.888222157,4.153531095,2.971030782
5779,7,85,13-Sep,45.45,2.89,3.47,4.47,6.51,15.3,3.09,1,9.07,P,6,Trap,2.571510637,3.119247183,5.834773479,4.128449433,2.576074046,7.860004955,9.819207253,3.171206343
5780,7,86,13-Sep,35.25,2.43,3.24,2.62,4.67,10.91,1.78,5,6.57,P,6,Trap,2.707582473,3.545701997,5.258500179,2.917681687,2.227917116,7.624582837,9.170966157,3.50041649
5781,7,87,13-Sep,42.98,2.63,3.38,0,0,6.01,3.2,4,8.91,P,6,Trap,2.455853522,3.188212221,0,0,2.918990946,8.248388031,5.644065743,3.216622918
5782,7,88,13-Sep,43.06,2.91,3.4,3.73,5.58,13.77,3.23,5,9.67,P,6,Trap,2.731178449,3.203063556,5.20088199,3.538230324,2.941447079,8.990626636,9.472472329,3.232236956
5783,7,89,13-Sep,47.95,2.74,3.41,3.5,7.33,13.15,3.46,4,10.06,P,6,Trap,2.275414598,2.898351395,6.345036543,3.001774861,2.710328195,8.294961357,8.175540854,2.974145032
5784,7,90,13-Sep,47.97,3.23,3.98,4.92,6.95,17.05,3.65,2,10.06,P,6,Trap,2.76424583,3.467064229,5.962558647,4.420521464,2.898442228,8.290521008,10.65183152,3.543048542
5785,7,91,13-Sep,33.63,2.03,2.55,0,0.89,4.58,1.85,4,6.51,P,6,Trap,2.402252705,2.959962467,1.679209714,0,2.450680428,7.924251089,5.362215172,2.89923222
5786,7,92,13-Sep,47.05,2.72,3.27,0,2.06,5.99,3.13,3,9.27,P,6,Trap,2.308009172,2.816273879,1.18654184,0,2.465196701,7.704777052,5.124283051,2.883487104
5787,7,93,13-Sep,39.14,3.12,3.62,0,1.2,6.74,2.3,4,7.9,P,6,Trap,3.170257037,3.675348151,1.306549506,0,2.381096573,8.090934998,6.845605188,3.667149091
5788,7,94,13-Sep,37.67,2.73,3.08,0,0,5.81,2.24,5,7.24,P,6,Trap,2.866161508,3.229954874,0,0,2.459715133,7.757300634,6.096116382,3.207741142
5789,7,95,13-Sep,40.19,2.85,3.07,0,1.29,5.92,2.35,1,7.85,P,6,Trap,2.838896701,3.05777192,1.266459993,0,2.332083315,7.807816687,5.896668621,3.05958334
5790,7,96,13-Sep,43.85,0,2.74,3.34,6.08,9.42,2.85,0,9.27,P,6,Trap,0,2.492220487,5.603005118,3.098721159,2.48695139,8.415232858,5.590941646,2.528925582
5791,7,97,13-Sep,38.84,2.53,2.93,0,0,5.46,2.32,2,7.47,P,6,Trap,2.597788562,3.004655645,0,0,2.429386075,7.72754023,5.602444207,2.993596448
5792,7,98,13-Sep,39.64,1.83,2.85,0,1.77,4.68,2.19,4,7.93,P,6,Trap,1.85103783,2.873168993,1.814602119,0,2.223947402,8.009926278,4.724206823,2.869736829
5793,7,99,13-Sep,51.05,3.36,4.18,5.57,8.66,18.68,3.88,3,10.19,P,6,Trap,2.714255511,3.468840619,7.290962742,4.877498391,2.83800334,7.736707295,11.06059452,3.574189007
5794,7,100,13-Sep,43.02,0,3.13,0,0,3.13,3.11,3,8.93,P,6,Trap,0,2.935637889,0,0,2.825219012,8.259507333,2.935637889,2.964429937
5845,8,51,13-Sep,30.37,2.03,2.5,2.83,3.84,10.19,1.38,4,5.6,NP,4,Net,2.592761939,3.119770574,5.033106679,3.433510452,2.288093017,7.738027941,9.146042965,3.224323571
5846,8,52,13-Sep,36.1,2.39,2.37,0,0,4.76,2.02,4,6.56,NP,4,Net,2.61790982,2.620997429,0,0,2.387763527,7.425868014,5.238907249,2.663339764
5847,8,53,13-Sep,32.03,2.33,2.66,0,0,4.99,1.74,4,5.78,NP,4,Net,2.79575417,3.172935771,0,0,2.491557772,7.549478992,5.968689941,3.259466133
5848,8,54,13-Sep,31.29,2.53,2.46,2.86,3.84,10.71,1.42,4,5.21,NP,4,Net,3.038998597,3.020560924,4.919123486,3.405854209,2.241338544,7.143771897,9.46541373,3.115125473
5849,8,55,13-Sep,38.33,1.85,2.96,1.22,3.65,7.25,2.3,4,7.18,NP,4,Net,1.947592154,3.067478386,3.856904273,1.324658614,2.457478228,7.550769124,6.339729154,3.085609591
5850,8,56,13-Sep,34.74,2.25,2.59,2.15,4.38,9.14,1.55,4,6.1,NP,4,Net,2.557386065,2.928524737,5.031686514,2.4796433,2.04600927,7.267811731,7.965554102,2.985632605
5851,8,57,13-Sep,31.53,0,2.25,0,0,2.25,1.72,3,6.07,NP,4,Net,0,2.795114929,0,0,2.518706942,7.950487711,2.795114929,2.887073795
5852,8,58,13-Sep,37.42,0.82,2.92,2.55,3.98,8.84,2.16,4,7.8,NP,4,Net,0.970771111,3.086044453,4.299648518,2.711688158,2.403289718,8.372804994,6.768503722,3.114055536
5853,8,59,13-Sep,33.46,2.16,2.53,2.95,3.96,10.59,1.93,3,7.07,NP,4,Net,2.542187236,2.95090338,4.770271825,3.359860681,2.546711145,8.521994053,8.852951297,3.02190822
5854,8,60,13-Sep,27.59,1.49,2.63,0,1.16,4.12,1.28,4,5.35,NP,4,Net,2.215220734,3.42868669,2.697534152,0,2.450242403,8.105236423,5.643907424,3.563422172
5855,8,61,13-Sep,32.22,2,2.7,0,0,4.7,1.46,3,6.33,NP,4,Net,2.454650871,3.200707691,0,0,2.193641087,8.057295678,5.655358562,3.285175222
5856,8,62,13-Sep,29.87,1.79,2.54,0,0,4.33,1.57,4,5.96,NP,4,Net,2.381981147,3.191949732,0,0,2.525242187,8.209036661,5.573930879,3.301931233
5857,8,63,13-Sep,35.71,2.4,2.7,2.7,4.24,10.5,1.96,4,6.43,NP,4,Net,2.650700802,2.976097172,4.771508583,2.968853566,2.36453988,7.382454815,8.59565154,3.022673741
5858,8,64,13-Sep,32.1,2.4,2.45,0,1.56,4.85,1.57,3,5.64,NP,4,Net,2.861663481,2.958430689,2.538768719,0,2.314956888,7.393937771,5.82009417,3.044201061
5859,8,65,13-Sep,28.69,1.23,2.35,2.63,3.54,8.84,1.45,0,5.41,NP,4,Net,1.890938477,3.077892543,4.9412499,3.338795764,2.516514228,7.921017239,8.307626784,3.200685316
5860,8,66,13-Sep,32.58,1.51,2.28,0,3.58,3.79,1.67,4,6.14,NP,4,Net,1.943613042,2.757538698,4.499299227,0,2.369693685,7.7873694,4.70115174,2.838097705
5861,8,67,13-Sep,35.12,2.06,2.86,0.64,3.05,6.2,2.22,2,7.15,NP,4,Net,2.345179467,3.174068577,3.6546065,0.945828765,2.680175901,8.233445104,6.465076809,3.227050782
5862,8,68,13-Sep,34.19,1.75,2.42,1.11,2.42,6.39,1.86,4,6.66,NP,4,Net,2.089527193,2.79392181,3.13982864,1.474111706,2.407873357,7.949921323,6.357560709,2.857001033
5863,8,69,13-Sep,37.47,0,2.93,3.44,5.22,9.81,2.23,3,7.3,NP,4,Net,0,3.092826537,5.53345378,3.598554667,2.468574801,7.861704122,6.691381204,3.12029477
5864,8,70,13-Sep,31.07,1.56,2.02,1.58,0,6.74,1.45,3,6.05,NP,4,Net,2.081855049,2.594719753,0,2.139641572,2.292084179,8.032615734,6.816216374,2.691672844
5865,8,71,13-Sep,32.4,0,2.57,1.92,3.06,6.41,1.71,4,6.4,NP,4,Net,0,3.059123194,4.001600286,2.396290699,2.426667386,8.087332539,5.455413893,3.141636463
5866,8,72,13-Sep,41.53,0,2.85,2.47,4.03,7.79,2.58,0,7.93,NP,4,Net,0,2.751531778,3.840440995,2.374115162,2.435723539,7.590313318,5.12564694,2.734920554
5867,8,73,13-Sep,41.37,0,3.01,0,0,3.01,2.52,4,7.95,NP,4,Net,0,2.921829108,0,0,2.390811274,7.645836108,2.921829108,2.906955006
5868,8,74,13-Sep,31.37,1.53,2,0,1.33,3.53,1.55,2,5.88,NP,4,Net,2.034323524,2.555412259,2.399211904,0,2.363794677,7.796010502,4.589735783,2.649108247
5869,8,75,13-Sep,32.02,1.45,2.03,0,1.77,3.48,1.68,1,6.36,NP,4,Net,1.916338554,2.543579354,2.758680301,0,2.432500755,8.131699166,4.459917908,2.630218287
5870,8,76,13-Sep,39.47,0,3.19,3.6,5.54,10.39,2.38,5,8.23,NP,4,Trap,0,3.224109907,5.60566423,3.633215009,2.42997812,8.347669243,6.857324916,3.229864122
5871,8,77,13-Sep,43.37,2.36,2.93,3.71,6.47,12.71,2.65,4,8.48,NP,4,Trap,2.16306254,2.713112478,6.05247461,3.498802677,2.332214593,7.731801229,8.374977695,2.676524358
5872,8,78,13-Sep,41.92,2.85,3.55,3.87,4.6,14.14,2.61,4,8.27,NP,4,Trap,2.737798243,3.426432035,4.362122033,3.749673929,2.428947187,7.843726516,9.913904207,3.405586578
5873,8,79,13-Sep,45.19,2.08,3.25,0,0,5.33,2.89,3,9.19,NP,4,Trap,1.776704625,2.915980345,0,0,2.400591614,8.03772949,4.69268497,2.859632468
5874,8,80,13-Sep,46.45,3.02,3.96,2.83,1.96,12.64,2.97,4,9.53,NP,4,Trap,2.643072221,3.544888868,1.160878704,2.425779604,2.361775705,8.097987516,8.613740693,3.474861159
5875,8,81,13-Sep,38.23,0,3.48,0,0,3.48,2.38,4,7.43,NP,4,Trap,0,3.593914218,0,0,2.546908062,7.822970868,3.593914218,3.613131124
5876,8,82,13-Sep,49.74,2.4,4.32,3.44,5.05,13.6,3.42,5,10.3,NP,4,Trap,1.830809835,3.693150011,3.843264896,2.829595867,2.501534166,8.137550141,8.353555713,3.587402743
5877,8,83,13-Sep,40.91,0,3.06,0,1.23,3.06,2.05,4,7.62,NP,4,Trap,0,3.001433933,1.117255755,0,1.96418851,7.41796413,3.001433933,2.991554055
5878,8,84,13-Sep,35.25,2.25,2.78,0,1.21,5.03,2.08,2,7.45,NP,4,Trap,2.527582473,3.085701997,1.798500179,0,2.527917116,8.504582837,5.61328447,3.13727279
5879,8,85,13-Sep,55.21,3.53,3.66,3.41,7.06,14.01,3.73,5,10.71,NP,4,Trap,2.641151703,2.681110028,5.17556048,2.456791903,2.295722245,7.333114747,7.779053634,2.51597492
5880,8,86,13-Sep,37.69,2.46,3.2,3.25,5.34,12.16,2.4,4,7.33,NP,4,Trap,2.594992739,3.348667708,5.626196929,3.394767305,2.617829166,7.842860285,9.338427752,3.373747399
5881,8,87,13-Sep,40.69,2.11,3.17,0,3.29,5.28,2.12,5,7.51,NP,4,Trap,2.069677493,3.125592763,3.204512606,0,2.054934145,7.356807967,5.195270256,3.118101426
5882,8,88,13-Sep,39.12,0.69,3.17,1.92,4.77,7.7,2.31,3,7.56,NP,4,Trap,0.741425805,3.226635317,4.879027402,1.975149449,2.392982539,7.755375347,5.943210571,3.236189485
5883,8,89,13-Sep,37.77,1.92,3.13,1.97,0,8.99,2.06,6,6.98,NP,4,Trap,2.050317666,3.273519043,0,2.109753718,2.270285299,7.47509889,7.433590427,3.297730173
5884,8,90,13-Sep,40.23,2.55,2.78,3.3,5.75,11.93,2.45,3,7.7,NP,4,Trap,2.536559164,2.765197588,5.721504202,3.285585939,2.428311382,7.648935989,8.587342691,2.762700475
5885,8,91,13-Sep,43.72,3.2,3.72,3.36,4.94,13.64,2.66,3,8.75,NP,4,Trap,2.982609095,3.480587068,4.479111439,3.126868237,2.309210174,7.924095126,9.5900644,3.440198994
5886,8,92,13-Sep,39.09,2.1,3.27,2.24,4.03,9.85,2.33,3,7.34,NP,4,Trap,2.153178958,3.328566067,4.142744245,2.297029544,2.41581149,7.54203587,7.778774569,3.338445945
5887,8,93,13-Sep,37.65,0.43,2.83,2.22,1.29,7.7,2.18,3,6.92,NP,4,Trap,0.567330276,2.98124204,1.58115272,2.367274098,2.4016011,7.441740983,5.915846414,3.006756012
5888,8,94,13-Sep,39.92,2.58,2.98,1.96,2.5,9.48,2.66,3,7.53,NP,4,Trap,2.584675073,2.985148665,2.509911582,1.965013586,2.667543867,7.547761395,7.534837324,2.986017226
5889,8,95,13-Sep,41.37,2.9,3.27,0,0,6.17,2.7,4,7.93,NP,4,Trap,2.819939371,3.181829108,0,0,2.570811274,7.625836108,6.001768479,3.166955006
5890,8,96,13-Sep,40.04,0,3.11,3.79,5.11,10.69,2.3,4,7.44,NP,4,Trap,0,3.107425667,5.105044209,3.787493207,2.296228066,7.431119302,6.894918874,3.106991387
5891,8,97,13-Sep,40.54,2.2,3.14,0,3.64,5.34,2.33,4,7.89,NP,4,Trap,2.168443256,3.10524651,3.573096822,0,2.279078896,7.770110583,5.273689766,3.099383725
5892,8,98,13-Sep,37.59,2.62,3.3,1.35,3.6,8.62,2.15,5,7.52,NP,4,Trap,2.760836581,3.455103539,3.898586407,1.501034288,2.377259,8.055062029,7.716974408,3.481268931
5893,8,99,13-Sep,40.42,2.79,3.55,3.95,5.35,14.24,2.21,5,7.3,NP,4,Trap,2.765455866,3.522969508,5.297964195,3.923678672,2.170394697,7.206752675,10.21210405,3.518409564
5894,8,100,13-Sep,44.78,2.68,3.49,3.84,5.92,13.85,2.82,4,8.37,NP,4,Trap,2.400664375,3.182367254,5.327782978,3.540438218,2.369253934,7.30875664,9.123469847,3.130470751
5895,9,1,13-Sep,NA,NA,NA,NA,NA,NA,NA,NA,NA,NP,7,Trap,NA,NA,NA,NA,NA,NA,NA,NA
5896,9,2,13-Sep,NA,NA,NA,NA,NA,NA,NA,NA,NA,NP,7,Trap,NA,NA,NA,NA,NA,NA,NA,NA
5897,9,3,13-Sep,NA,NA,NA,NA,NA,NA,NA,NA,NA,NP,7,Trap,NA,NA,NA,NA,NA,NA,NA,NA
5898,9,4,13-Sep,NA,NA,NA,NA,NA,NA,NA,NA,NA,NP,7,Trap,NA,NA,NA,NA,NA,NA,NA,NA
5899,9,5,13-Sep,NA,NA,NA,NA,NA,NA,NA,NA,NA,NP,7,Trap,NA,NA,NA,NA,NA,NA,NA,NA
5900,9,6,13-Sep,NA,NA,NA,NA,NA,NA,NA,NA,NA,NP,7,Trap,NA,NA,NA,NA,NA,NA,NA,NA
5901,9,7,13-Sep,NA,NA,NA,NA,NA,NA,NA,NA,NA,NP,7,Trap,NA,NA,NA,NA,NA,NA,NA,NA
5902,9,8,13-Sep,NA,NA,NA,NA,NA,NA,NA,NA,NA,NP,7,Trap,NA,NA,NA,NA,NA,NA,NA,NA
5903,9,9,13-Sep,NA,NA,NA,NA,NA,NA,NA,NA,NA,NP,7,Trap,NA,NA,NA,NA,NA,NA,NA,NA
5904,9,10,13-Sep,NA,NA,NA,NA,NA,NA,NA,NA,NA,NP,7,Trap,NA,NA,NA,NA,NA,NA,NA,NA
5905,9,11,13-Sep,NA,NA,NA,NA,NA,NA,NA,NA,NA,NP,7,Trap,NA,NA,NA,NA,NA,NA,NA,NA
5906,9,12,13-Sep,NA,NA,NA,NA,NA,NA,NA,NA,NA,NP,7,Trap,NA,NA,NA,NA,NA,NA,NA,NA
5907,9,13,13-Sep,NA,NA,NA,NA,NA,NA,NA,NA,NA,NP,7,Trap,NA,NA,NA,NA,NA,NA,NA,NA
5908,9,14,13-Sep,NA,NA,NA,NA,NA,NA,NA,NA,NA,NP,7,Trap,NA,NA,NA,NA,NA,NA,NA,NA
5909,9,15,13-Sep,NA,NA,NA,NA,NA,NA,NA,NA,NA,NP,7,Trap,NA,NA,NA,NA,NA,NA,NA,NA
5910,9,16,13-Sep,NA,NA,NA,NA,NA,NA,NA,NA,NA,NP,7,Trap,NA,NA,NA,NA,NA,NA,NA,NA
5911,9,17,13-Sep,NA,NA,NA,NA,NA,NA,NA,NA,NA,NP,7,Trap,NA,NA,NA,NA,NA,NA,NA,NA
5912,9,18,13-Sep,NA,NA,NA,NA,NA,NA,NA,NA,NA,NP,7,Trap,NA,NA,NA,NA,NA,NA,NA,NA
5913,9,19,13-Sep,NA,NA,NA,NA,NA,NA,NA,NA,NA,NP,7,Trap,NA,NA,NA,NA,NA,NA,NA,NA
5914,9,20,13-Sep,NA,NA,NA,NA,NA,NA,NA,NA,NA,NP,7,Trap,NA,NA,NA,NA,NA,NA,NA,NA
5915,9,21,13-Sep,NA,NA,NA,NA,NA,NA,NA,NA,NA,NP,7,Trap,NA,NA,NA,NA,NA,NA,NA,NA
5916,9,22,13-Sep,NA,NA,NA,NA,NA,NA,NA,NA,NA,NP,7,Trap,NA,NA,NA,NA,NA,NA,NA,NA
5917,9,23,13-Sep,NA,NA,NA,NA,NA,NA,NA,NA,NA,NP,7,Trap,NA,NA,NA,NA,NA,NA,NA,NA
5918,9,24,13-Sep,NA,NA,NA,NA,NA,NA,NA,NA,NA,NP,7,Trap,NA,NA,NA,NA,NA,NA,NA,NA
5919,9,25,13-Sep,NA,NA,NA,NA,NA,NA,NA,NA,NA,NP,7,Trap,NA,NA,NA,NA,NA,NA,NA,NA
5920,9,26,13-Sep,NA,NA,NA,NA,NA,NA,NA,NA,NA,NP,7,Net,NA,NA,NA,NA,NA,NA,NA,NA
5921,9,27,13-Sep,NA,NA,NA,NA,NA,NA,NA,NA,NA,NP,7,Net,NA,NA,NA,NA,NA,NA,NA,NA
5922,9,28,13-Sep,NA,NA,NA,NA,NA,NA,NA,NA,NA,NP,7,Net,NA,NA,NA,NA,NA,NA,NA,NA
5923,9,29,13-Sep,NA,NA,NA,NA,NA,NA,NA,NA,NA,NP,7,Net,NA,NA,NA,NA,NA,NA,NA,NA
5924,9,30,13-Sep,NA,NA,NA,NA,NA,NA,NA,NA,NA,NP,7,Net,NA,NA,NA,NA,NA,NA,NA,NA
5925,9,31,13-Sep,NA,NA,NA,NA,NA,NA,NA,NA,NA,NP,7,Net,NA,NA,NA,NA,NA,NA,NA,NA
5926,9,32,13-Sep,NA,NA,NA,NA,NA,NA,NA,NA,NA,NP,7,Net,NA,NA,NA,NA,NA,NA,NA,NA
5927,9,33,13-Sep,NA,NA,NA,NA,NA,NA,NA,NA,NA,NP,7,Net,NA,NA,NA,NA,NA,NA,NA,NA
5928,9,34,13-Sep,NA,NA,NA,NA,NA,NA,NA,NA,NA,NP,7,Net,NA,NA,NA,NA,NA,NA,NA,NA
5929,9,35,13-Sep,NA,NA,NA,NA,NA,NA,NA,NA,NA,NP,7,Net,NA,NA,NA,NA,NA,NA,NA,NA
5930,9,36,13-Sep,NA,NA,NA,NA,NA,NA,NA,NA,NA,NP,7,Net,NA,NA,NA,NA,NA,NA,NA,NA
5931,9,37,13-Sep,NA,NA,NA,NA,NA,NA,NA,NA,NA,NP,7,Net,NA,NA,NA,NA,NA,NA,NA,NA
5932,9,38,13-Sep,NA,NA,NA,NA,NA,NA,NA,NA,NA,NP,7,Net,NA,NA,NA,NA,NA,NA,NA,NA
5933,9,39,13-Sep,NA,NA,NA,NA,NA,NA,NA,NA,NA,NP,7,Net,NA,NA,NA,NA,NA,NA,NA,NA
5934,9,40,13-Sep,NA,NA,NA,NA,NA,NA,NA,NA,NA,NP,7,Net,NA,NA,NA,NA,NA,NA,NA,NA
5935,9,41,13-Sep,NA,NA,NA,NA,NA,NA,NA,NA,NA,NP,7,Net,NA,NA,NA,NA,NA,NA,NA,NA
5936,9,42,13-Sep,NA,NA,NA,NA,NA,NA,NA,NA,NA,NP,7,Net,NA,NA,NA,NA,NA,NA,NA,NA
5937,9,43,13-Sep,NA,NA,NA,NA,NA,NA,NA,NA,NA,NP,7,Net,NA,NA,NA,NA,NA,NA,NA,NA
5938,9,44,13-Sep,NA,NA,NA,NA,NA,NA,NA,NA,NA,NP,7,Net,NA,NA,NA,NA,NA,NA,NA,NA
5939,9,45,13-Sep,NA,NA,NA,NA,NA,NA,NA,NA,NA,NP,7,Net,NA,NA,NA,NA,NA,NA,NA,NA
5940,9,46,13-Sep,NA,NA,NA,NA,NA,NA,NA,NA,NA,NP,7,Net,NA,NA,NA,NA,NA,NA,NA,NA
5941,9,47,13-Sep,NA,NA,NA,NA,NA,NA,NA,NA,NA,NP,7,Net,NA,NA,NA,NA,NA,NA,NA,NA
5942,9,48,13-Sep,NA,NA,NA,NA,NA,NA,NA,NA,NA,NP,7,Net,NA,NA,NA,NA,NA,NA,NA,NA
5943,9,49,13-Sep,NA,NA,NA,NA,NA,NA,NA,NA,NA,NP,7,Net,NA,NA,NA,NA,NA,NA,NA,NA
5944,9,50,13-Sep,NA,NA,NA,NA,NA,NA,NA,NA,NA,NP,7,Net,NA,NA,NA,NA,NA,NA,NA,NA
5945,9,51,13-Sep,34.14,1.03,2.07,0,1.03,3.1,2.04,2,6.82,NP,7,Net,1.372449114,2.447139726,1.756023379,0,2.592588274,8.121022195,3.81958884,2.445480041
5946,9,52,13-Sep,38.05,2.75,3.25,0,0,6,2.32,1,7.27,NP,7,Net,2.86395491,3.375498714,0,0,2.503881764,7.702934007,6.239453624,3.37494643
5947,9,53,13-Sep,34.36,1.95,2.43,0,1.7,4.38,2.09,1,6.65,NP,7,Net,2.279592662,2.792980897,2.398766528,0,2.621842639,7.902178358,5.072573559,2.79138352
5948,9,54,13-Sep,31.86,1.83,2.22,0,0,4.05,1.72,2,6.24,NP,7,Net,2.305688701,2.743876685,0,0,2.48758849,8.047221956,5.049565386,2.741571251
5949,9,55,13-Sep,34.64,0,2.37,2.66,5.92,7.69,2.01,0,6.68,NP,7,Net,0,2.714960569,6.584075991,2.995910283,2.515439104,7.870013475,5.710870852,2.713442494
5950,9,56,13-Sep,52.64,1.26,3.61,0,0,4.87,3.86,2,10.55,NP,7,Net,0.521338431,2.796510898,0,0,2.668068979,7.743699566,3.317849329,2.800090834
5951,9,57,13-Sep,32.8,0,2.08,0,0,2.08,2.07,0,6.88,NP,7,Net,0,2.543379868,0,0,2.74894805,8.478525563,2.543379868,2.541340664
5952,9,58,13-Sep,51.87,0,2.93,0,0,2.93,3.75,0,10.38,NP,7,Net,0,2.1660668,0,0,2.630678701,7.744652995,2.1660668,2.169428655
5953,9,59,13-Sep,37.53,0,2.64,0,0,2.64,2.12,2,7.64,NP,7,Net,0,2.798965038,0,0,2.3529169,8.188383075,2.798965038,2.798265478
5954,9,60,13-Sep,55.58,3,3.73,0,0,6.73,3.99,1,11.29,NP,7,Net,2.08952949,2.727297451,0,0,2.520831859,7.830968295,4.816826941,2.731710063
5955,9,61,13-Sep,26.98,1.34,2.09,0,0.98,3.43,1.45,0,5.3,NP,7,Net,2.100868167,2.927945262,2.593109964,0,2.67776439,8.190667061,5.028813429,2.924257701
5956,9,62,13-Sep,27.96,0,2.2,0,0,2.2,1.33,0,5.27,NP,7,Net,0,2.974874113,0,0,2.465352017,7.94308997,2.974874113,2.971464111
5957,9,63,13-Sep,28.29,0,2.38,0,0,2.38,1.36,4,5.2,NP,7,Net,0,3.133635869,0,0,2.464233565,7.799824215,3.133635869,3.13031933
5958,9,64,13-Sep,28.36,0,1.79,0,0,1.79,1.64,1,5.42,NP,7,Net,0,2.539130787,0,0,2.737632681,8.004282994,2.539130787,2.535834074
5959,9,65,13-Sep,27.21,0,1.9,0,0,1.9,1.36,0,5.35,NP,7,Net,0,2.72314285,0,0,2.566075772,8.18960305,2.72314285,2.71952043
5960,9,66,13-Sep,26.66,0,1.56,0,0,1.56,1.15,0,4.94,NP,7,Net,0,2.418539923,0,0,2.407939859,7.901712641,2.418539923,2.414761731
5961,9,67,13-Sep,27.65,0.97,1.83,0,1.69,2.8,1.52,0,5.55,NP,7,Net,1.691714429,2.624825191,3.220100465,0,2.684584502,8.291915376,4.31653962,2.621327389
5962,9,68,13-Sep,50.32,2.94,3.39,0,0,6.33,3.26,4,10.25,NP,7,Net,2.336915554,2.725822189,0,0,2.286841128,7.958780026,5.062737743,2.728745048
5963,9,69,13-Sep,25.94,0,1.98,0,0.5,1.98,1.28,0,4.99,NP,7,Net,0,2.88487791,2.24196053,0,2.605834664,8.111565198,2.88487791,2.880895797
5964,9,70,13-Sep,20.91,0.49,0.68,0,0,1.17,0.74,0,3.91,NP,7,Net,1.605589348,1.908600234,0,0,2.540155316,8.148312918,3.514189582,1.903193511
5965,9,71,13-Sep,24.99,0.9,1.99,0,0,2.89,1.33,0,4.79,NP,7,Net,1.777160614,2.956018309,0,0,2.745418087,8.122481765,4.733178923,2.951767135
5966,9,72,13-Sep,32.71,1.95,2.67,0,0,4.62,1.94,2,6.56,NP,7,Net,2.376016048,3.139172117,0,0,2.627434901,8.178507133,5.515188165,3.137107422
5967,9,73,13-Sep,30.05,1.67,1.7,0,0.57,3.37,1.56,1,5.91,NP,7,Net,2.251462232,2.340365235,1.802753006,0,2.498268486,8.119073522,4.591827467,2.337547168
5968,9,74,13-Sep,35.7,1.65,2.48,0,5.77,4.13,2.34,2,7.63,NP,7,Net,1.901285186,2.756740755,6.30274753,0,2.745482863,8.584674989,4.658025941,2.755522897
5969,9,75,13-Sep,23.5,0,1.33,0,0,1.33,0.99,0,4.35,NP,7,Net,0,2.391912198,0,0,2.545922614,8.01328775,2.391912198,2.387239022
5970,9,76,13-Sep,36.2,0,2.89,0,1.31,2.89,2.32,0,7.35,NP,7,Trap,0,3.134561597,1.780800143,0,2.678333693,8.19366627,3.134561597,3.133485351
5971,9,77,13-Sep,37.27,2.17,3,0,0,5.17,2.42,1,7.32,NP,7,Trap,2.329536874,3.1756982,0,0,2.677434469,7.926107609,5.505235074,3.174925002
5972,9,78,13-Sep,52.4,0,4.39,0,1.85,4.39,3.4,1,10.38,NP,7,Trap,0,3.591956893,0.313704796,0,2.230700581,7.626983752,3.591956893,3.595468856
5973,9,79,13-Sep,48,2.95,3.51,0,0,6.46,3.06,0,9.12,NP,7,Trap,2.482492678,2.99513348,0,0,2.305613278,7.343860485,5.477626158,2.997399262
5974,9,80,13-Sep,50.79,0,3.77,0,1.49,3.77,3.4,2,10.02,NP,7,Trap,0,3.075573781,0.153175383,0,2.382520909,7.624431829,3.075573781,3.078629755
5975,9,81,13-Sep,49.16,2.76,3.02,0,0,5.78,3.43,2,9.89,NP,7,Trap,2.224704116,2.430477834,0,0,2.566227203,7.856320255,4.65518195,2.433072155
5976,9,82,13-Sep,54.44,0,3.32,0,0,3.32,4.35,0,11.73,NP,7,Trap,0,2.390665931,0,0,2.988331967,8.524068175,2.390665931,2.394755668
5977,9,83,13-Sep,41.34,0,3.12,0,2.28,3.12,2.71,3,8.52,NP,7,Trap,0,3.033759858,2.113981002,0,2.583640224,8.222496631,3.033759858,3.034139376
5978,9,84,13-Sep,56.93,2.67,3.28,0,0,5.95,4.11,0,11.65,NP,7,Trap,1.680637629,2.190413726,0,0,2.513529099,7.891244751,3.871051355,2.195208688
5979,9,85,13-Sep,52.68,0,2.89,0,0,2.89,3.96,0,10.63,NP,7,Trap,0,2.073936565,0,0,2.764297045,7.814818869,2.073936565,2.07752783
5980,9,86,13-Sep,51.67,3.23,3.84,0,2.02,7.07,3.31,0,10.38,NP,7,Trap,2.548023693,3.088938463,0.574147981,0,2.209538369,7.789056483,5.636962156,3.092243673
5981,9,87,13-Sep,54.05,3.34,3.64,1.76,6.63,10.5,3.54,2,11.37,NP,7,Trap,2.518940265,2.735765673,4.889278418,0.879488905,2.215108319,8.250654977,6.134194843,2.739744954
5982,9,88,13-Sep,44.51,0,2.67,0,0.95,2.67,2.77,0,8.9,NP,7,Trap,0,2.379743999,0.391234567,0,2.344714485,7.898701348,2.379743999,2.381021334
5983,9,89,13-Sep,47.66,2.45,3.11,0,0,5.56,3.08,0,10.01,NP,7,Trap,2.002361739,2.617015307,0,0,2.357674714,8.309346414,4.619377046,2.619184793
5984,9,90,13-Sep,57.45,0,3.85,0,0,3.85,4.02,0,12.35,NP,7,Trap,0,2.726947402,0,0,2.374493962,8.475795683,2.726947402,2.73188964
5985,9,91,13-Sep,48.17,0,2.03,0,0,2.03,3.71,0,10.28,NP,7,Trap,0,1.504192566,0,0,2.93958256,8.46611752,1.504192566,1.506506496
5986,9,92,13-Sep,60.53,4,4.93,0,3.19,8.93,4.19,4,13.18,NP,7,Trap,2.800259334,3.608723792,0.646440279,0,2.254055074,8.62198197,6.408983126,3.614538356
5987,9,93,13-Sep,54.16,2.77,3.75,0,2.32,6.52,4.09,0,11.21,NP,7,Trap,1.942512039,2.838686259,0.565649993,0,2.754735502,8.066233059,4.781198298,2.842696694
5988,9,94,13-Sep,51.8,0,2.74,0,0,2.74,4.27,0,11.4,NP,7,Trap,0,1.980571882,0,0,3.157279585,8.780194215,1.980571882,1.983913912
5989,9,95,13-Sep,55.24,3.1,3.81,0,0,6.91,4.07,4,11.47,NP,7,Trap,2.209398551,2.829179278,0,0,2.632893294,8.086454224,5.038577829,2.833495594
5990,9,96,13-Sep,50.54,2.43,3.46,0,2.09,5.89,3.78,0,10.81,NP,7,Trap,1.814059103,2.781663359,0.784149077,0,2.786095494,8.469936189,4.595722462,2.784648528
5991,9,97,13-Sep,52.16,0,3.33,0,0,3.33,3.64,0,10.34,NP,7,Trap,0,2.547402889,0,0,2.493332182,7.640267937,2.547402889,2.550846878
5992,9,98,13-Sep,35.26,1.92,3.01,0,0.89,4.93,2.31,1,7.18,NP,7,Trap,2.196998089,3.315058413,1.477261231,0,2.756974133,8.232362663,5.512056502,3.313715937
5993,9,99,13-Sep,52.09,0,3.42,0,0,3.42,3.43,2,10.2,NP,7,Trap,0,2.641907971,0,0,2.289933066,7.515809158,2.641907971,2.645332135
5994,9,100,13-Sep,37.05,0,2.4,0,0,2.4,2.2,0,7.09,NP,7,Trap,0,2.589857029,0,0,2.478180104,7.744951446,2.589857029,2.589021522
5995,10,1,13-Sep,NA,NA,NA,NA,NA,NA,NA,NA,NA,P,4,Trap,NA,NA,NA,NA,NA,NA,NA,NA
5996,10,2,13-Sep,NA,NA,NA,NA,NA,NA,NA,NA,NA,P,4,Trap,NA,NA,NA,NA,NA,NA,NA,NA
5997,10,3,13-Sep,NA,NA,NA,NA,NA,NA,NA,NA,NA,P,4,Trap,NA,NA,NA,NA,NA,NA,NA,NA
5998,10,4,13-Sep,NA,NA,NA,NA,NA,NA,NA,NA,NA,P,4,Trap,NA,NA,NA,NA,NA,NA,NA,NA
5999,10,5,13-Sep,NA,NA,NA,NA,NA,NA,NA,NA,NA,P,4,Trap,NA,NA,NA,NA,NA,NA,NA,NA
6000,10,6,13-Sep,NA,NA,NA,NA,NA,NA,NA,NA,NA,P,4,Trap,NA,NA,NA,NA,NA,NA,NA,NA
6001,10,7,13-Sep,NA,NA,NA,NA,NA,NA,NA,NA,NA,P,4,Trap,NA,NA,NA,NA,NA,NA,NA,NA
6002,10,8,13-Sep,NA,NA,NA,NA,NA,NA,NA,NA,NA,P,4,Trap,NA,NA,NA,NA,NA,NA,NA,NA
6003,10,9,13-Sep,NA,NA,NA,NA,NA,NA,NA,NA,NA,P,4,Trap,NA,NA,NA,NA,NA,NA,NA,NA
6004,10,10,13-Sep,NA,NA,NA,NA,NA,NA,NA,NA,NA,P,4,Trap,NA,NA,NA,NA,NA,NA,NA,NA
6005,10,11,13-Sep,NA,NA,NA,NA,NA,NA,NA,NA,NA,P,4,Trap,NA,NA,NA,NA,NA,NA,NA,NA
6006,10,12,13-Sep,NA,NA,NA,NA,NA,NA,NA,NA,NA,P,4,Trap,NA,NA,NA,NA,NA,NA,NA,NA
6007,10,13,13-Sep,NA,NA,NA,NA,NA,NA,NA,NA,NA,P,4,Trap,NA,NA,NA,NA,NA,NA,NA,NA
6008,10,14,13-Sep,NA,NA,NA,NA,NA,NA,NA,NA,NA,P,4,Trap,NA,NA,NA,NA,NA,NA,NA,NA
6009,10,15,13-Sep,NA,NA,NA,NA,NA,NA,NA,NA,NA,P,4,Trap,NA,NA,NA,NA,NA,NA,NA,NA
6010,10,16,13-Sep,NA,NA,NA,NA,NA,NA,NA,NA,NA,P,4,Trap,NA,NA,NA,NA,NA,NA,NA,NA
6011,10,17,13-Sep,NA,NA,NA,NA,NA,NA,NA,NA,NA,P,4,Trap,NA,NA,NA,NA,NA,NA,NA,NA
6012,10,18,13-Sep,NA,NA,NA,NA,NA,NA,NA,NA,NA,P,4,Trap,NA,NA,NA,NA,NA,NA,NA,NA
6013,10,19,13-Sep,NA,NA,NA,NA,NA,NA,NA,NA,NA,P,4,Trap,NA,NA,NA,NA,NA,NA,NA,NA
6014,10,20,13-Sep,NA,NA,NA,NA,NA,NA,NA,NA,NA,P,4,Trap,NA,NA,NA,NA,NA,NA,NA,NA
6015,10,21,13-Sep,NA,NA,NA,NA,NA,NA,NA,NA,NA,P,4,Trap,NA,NA,NA,NA,NA,NA,NA,NA
6016,10,22,13-Sep,NA,NA,NA,NA,NA,NA,NA,NA,NA,P,4,Trap,NA,NA,NA,NA,NA,NA,NA,NA
6017,10,23,13-Sep,NA,NA,NA,NA,NA,NA,NA,NA,NA,P,4,Trap,NA,NA,NA,NA,NA,NA,NA,NA
6018,10,24,13-Sep,NA,NA,NA,NA,NA,NA,NA,NA,NA,P,4,Trap,NA,NA,NA,NA,NA,NA,NA,NA
6019,10,25,13-Sep,NA,NA,NA,NA,NA,NA,NA,NA,NA,P,4,Trap,NA,NA,NA,NA,NA,NA,NA,NA
6020,10,26,13-Sep,NA,NA,NA,NA,NA,NA,NA,NA,NA,P,4,Net,NA,NA,NA,NA,NA,NA,NA,NA
6021,10,27,13-Sep,NA,NA,NA,NA,NA,NA,NA,NA,NA,P,4,Net,NA,NA,NA,NA,NA,NA,NA,NA
6022,10,28,13-Sep,NA,NA,NA,NA,NA,NA,NA,NA,NA,P,4,Net,NA,NA,NA,NA,NA,NA,NA,NA
6023,10,29,13-Sep,NA,NA,NA,NA,NA,NA,NA,NA,NA,P,4,Net,NA,NA,NA,NA,NA,NA,NA,NA
6024,10,30,13-Sep,NA,NA,NA,NA,NA,NA,NA,NA,NA,P,4,Net,NA,NA,NA,NA,NA,NA,NA,NA
6025,10,31,13-Sep,NA,NA,NA,NA,NA,NA,NA,NA,NA,P,4,Net,NA,NA,NA,NA,NA,NA,NA,NA
6026,10,32,13-Sep,NA,NA,NA,NA,NA,NA,NA,NA,NA,P,4,Net,NA,NA,NA,NA,NA,NA,NA,NA
6027,10,33,13-Sep,NA,NA,NA,NA,NA,NA,NA,NA,NA,P,4,Net,NA,NA,NA,NA,NA,NA,NA,NA
6028,10,34,13-Sep,NA,NA,NA,NA,NA,NA,NA,NA,NA,P,4,Net,NA,NA,NA,NA,NA,NA,NA,NA
6029,10,35,13-Sep,NA,NA,NA,NA,NA,NA,NA,NA,NA,P,4,Net,NA,NA,NA,NA,NA,NA,NA,NA
6030,10,36,13-Sep,NA,NA,NA,NA,NA,NA,NA,NA,NA,P,4,Net,NA,NA,NA,NA,NA,NA,NA,NA
6031,10,37,13-Sep,NA,NA,NA,NA,NA,NA,NA,NA,NA,P,4,Net,NA,NA,NA,NA,NA,NA,NA,NA
6032,10,38,13-Sep,NA,NA,NA,NA,NA,NA,NA,NA,NA,P,4,Net,NA,NA,NA,NA,NA,NA,NA,NA
6033,10,39,13-Sep,NA,NA,NA,NA,NA,NA,NA,NA,NA,P,4,Net,NA,NA,NA,NA,NA,NA,NA,NA
6034,10,40,13-Sep,NA,NA,NA,NA,NA,NA,NA,NA,NA,P,4,Net,NA,NA,NA,NA,NA,NA,NA,NA
6035,10,41,13-Sep,NA,NA,NA,NA,NA,NA,NA,NA,NA,P,4,Net,NA,NA,NA,NA,NA,NA,NA,NA
6036,10,42,13-Sep,NA,NA,NA,NA,NA,NA,NA,NA,NA,P,4,Net,NA,NA,NA,NA,NA,NA,NA,NA
6037,10,43,13-Sep,NA,NA,NA,NA,NA,NA,NA,NA,NA,P,4,Net,NA,NA,NA,NA,NA,NA,NA,NA
6038,10,44,13-Sep,NA,NA,NA,NA,NA,NA,NA,NA,NA,P,4,Net,NA,NA,NA,NA,NA,NA,NA,NA
6039,10,45,13-Sep,NA,NA,NA,NA,NA,NA,NA,NA,NA,P,4,Net,NA,NA,NA,NA,NA,NA,NA,NA
6040,10,46,13-Sep,NA,NA,NA,NA,NA,NA,NA,NA,NA,P,4,Net,NA,NA,NA,NA,NA,NA,NA,NA
6041,10,47,13-Sep,NA,NA,NA,NA,NA,NA,NA,NA,NA,P,4,Net,NA,NA,NA,NA,NA,NA,NA,NA
6042,10,48,13-Sep,NA,NA,NA,NA,NA,NA,NA,NA,NA,P,4,Net,NA,NA,NA,NA,NA,NA,NA,NA
6043,10,49,13-Sep,NA,NA,NA,NA,NA,NA,NA,NA,NA,P,4,Net,NA,NA,NA,NA,NA,NA,NA,NA
6044,10,50,13-Sep,NA,NA,NA,NA,NA,NA,NA,NA,NA,P,4,Net,NA,NA,NA,NA,NA,NA,NA,NA
6045,10,51,13-Sep,23.81,1.28,1.72,0,0,3,1.15,1,4.43,P,4,Net,2.226117944,2.761961121,0,0,2.676690129,8.024462343,4.988079065,3.191023587
6046,10,52,13-Sep,21.1,1.14,1.47,1.58,2.56,5.77,0.73,2,3.79,P,4,Net,2.244486049,2.686372155,4.901611238,2.764459765,2.512238631,7.986129604,7.695317969,3.187254218
6047,10,53,13-Sep,21.38,1.01,1.38,0,0,2.39,0.85,0,3.56,P,4,Net,2.098123293,2.578351826,0,0,2.605835096,7.693964721,4.676475119,3.071813415
6048,10,54,13-Sep,21.65,1.28,1.42,1.76,2.69,6.22,0.84,3,3.9,P,4,Net,2.352344921,2.600975081,4.963469112,2.909991359,2.570374544,7.974020012,7.863311361,3.087281212
6049,10,55,13-Sep,23.34,1.37,1.94,0,2.21,3.31,1.01,4,4.28,P,4,Net,2.343583999,3.012209529,4.274086943,0,2.581010349,7.97881054,5.355793528,3.453727792
6050,10,56,13-Sep,24.88,1.36,2.01,1.41,2.56,6.19,1.19,6,4.15,P,4,Net,2.243588839,2.983097724,4.433288991,2.357567812,2.615790905,7.506903683,7.584254375,3.383803375
6051,10,57,13-Sep,20.26,1.04,1.52,0,0.76,2.56,0.81,3,3.6,P,4,Net,2.193574318,2.790433139,3.205682849,0,2.671449237,7.982624253,4.984007457,3.313576628
6052,10,58,13-Sep,21.68,0.82,1.74,0,0,2.56,1.01,4,4.42,P,4,Net,1.890591768,2.919044332,0,0,2.737545594,8.487359489,4.8096361,3.404555412
6053,10,59,13-Sep,21.62,1.16,1.64,0,1.01,2.8,0.91,3,3.62,P,4,Net,2.234098073,2.822905831,3.287185955,0,2.643203494,7.700680536,5.057003904,3.310007012
6054,10,60,13-Sep,20.45,0.82,1.35,0,0.67,2.17,0.8,4,3.85,P,4,Net,1.962471019,2.608205059,3.092142842,0,2.643532552,8.19044094,4.570676078,3.126313226
6055,10,61,13-Sep,22.98,1.08,1.53,1.78,3.49,6.17,0.96,4,4.05,P,4,Net,2.074621828,2.625378522,5.598689062,2.846640487,2.564957751,7.828736818,7.546640837,3.076437397
6056,10,62,13-Sep,22.55,1.27,1.5,0,1.02,2.77,0.99,3,3.87,P,4,Net,2.289750347,2.623052598,3.181963815,0,2.635506038,7.744204317,4.912802945,3.085507202
6057,10,63,13-Sep,19.27,0.41,1.42,1.54,2.68,4.91,0.83,1,3.4,P,4,Net,1.621428349,2.754147871,5.248338676,2.839145552,2.784804594,8.002421518,7.214721772,3.303528039
6058,10,64,13-Sep,21.41,1.11,1.42,0,1.13,2.53,1.01,4,3.68,P,4,Net,2.196370141,2.616421077,3.433203858,0,2.763006146,7.807304198,4.812791218,3.109087615
6059,10,65,13-Sep,20.08,1.17,1.46,0.8,1.91,4.23,0.93,4,3.15,P,4,Net,2.334093233,2.742017636,4.377983908,2.048382991,2.808422938,7.572587392,7.12449386,3.26993143
6060,10,66,13-Sep,20.21,1.04,1.38,1.58,2.02,5.58,0.78,3,3.66,P,4,Net,2.196496239,2.653651055,4.471877588,2.820235913,2.646164154,8.053725125,7.670383207,3.178119629
6061,10,67,13-Sep,19.07,0.88,1.14,0,0,2.02,0.79,0,3.1,P,4,Net,2.103116032,2.487019534,0,0,2.763664262,7.746825006,4.590135566,3.041700042
6062,10,68,13-Sep,22.1,1.01,1.34,0,0,2.35,1.21,3,3.71,P,4,Net,2.056047634,2.49201384,0,0,2.897940291,7.684112165,4.548061474,2.966394207
6063,10,69,13-Sep,21.3,0,1.54,0,0,1.54,1.03,3,3.95,P,4,Net,0,2.743500492,0,0,2.793378963,8.101726116,2.743500492,3.239082216
6064,10,70,13-Sep,23.81,0,1.92,0,0,1.92,1.29,4,4.41,P,4,Net,0,2.961961121,0,0,2.816690129,8.004462343,2.961961121,3.391023587
6065,10,71,13-Sep,21.12,0,1.25,0,0.77,1.25,1,0,3.69,P,4,Net,0,2.465084988,3.109133343,0,2.780352664,7.881689255,2.465084988,2.965437018
6066,10,72,13-Sep,21.28,0.82,1.24,0.71,2.49,3.48,1.21,0,3.85,P,4,Net,1.913967134,2.444787658,4.809310179,1.883179196,2.97526493,8.006166465,6.241933988,2.940899416
6067,10,73,13-Sep,24.97,1.15,1.74,0,1.32,2.89,1.14,1,4.55,P,4,Net,2.028329382,2.707305475,3.182138461,0,2.557304054,7.886922114,4.735634857,3.105625974
6068,10,74,13-Sep,24.88,1.3,1.66,1.8,3.15,6.56,1.1,4,4.7,P,4,Net,2.183588839,2.633097724,5.023288991,2.747567812,2.525790905,8.056903683,7.564254375,3.033803375
6069,10,75,13-Sep,24.9,1.53,2.04,0,0,3.57,1.28,4,4.23,P,4,Net,2.412420071,3.011810557,0,0,2.703904938,7.582463335,5.424230628,3.411986174
6070,10,76,13-Sep,40.37,2.72,2.96,0,1.79,5.68,2.76,4,8.41,P,4,Trap,2.698377786,2.936187423,1.744158933,0,2.725109614,8.327853547,5.634565209,2.926381796
6071,10,77,13-Sep,51.32,2.91,3.01,2.72,6.23,11.36,3.55,4,10.62,P,4,Trap,2.248477139,2.281463874,4.827511153,2.010577537,2.482542788,8.106762586,6.54051855,1.981464669
6072,10,78,13-Sep,46.78,3.11,3.91,3.8,5.71,14.62,2.74,4,9.7,P,4,Trap,2.713787544,3.473650624,4.869993429,3.37509856,2.100657253,8.194721761,9.562536728,3.293969122
6073,10,79,13-Sep,47.19,2.86,4.13,4.51,6.43,16.01,2.81,5,8.92,P,4,Trap,2.439827794,3.667263715,5.539196571,4.059403931,2.131994933,7.323694611,10.16649544,3.476716517
6074,10,80,13-Sep,47.8,3.69,3.96,5.15,7.06,17.95,2.99,4,10.31,P,4,Trap,3.234180361,3.458005143,6.093620759,4.661175335,2.254472946,8.578263973,11.35336084,3.25129191
6075,10,81,13-Sep,37.48,2.81,2.37,0,0,5.18,2.18,4,7.22,P,4,Trap,2.957264807,2.532182954,0,0,2.417631817,7.779483947,5.489447761,2.598967229
6076,10,82,13-Sep,44.47,3.12,3.35,1.33,2.19,9.13,2.8,5,9.4,P,4,Trap,2.858780284,3.062318332,1.636190358,1.049865865,2.378486419,8.407582046,6.970964481,2.943855748
6077,10,83,13-Sep,44.95,3.54,3.68,4.14,5.46,15.5,2.88,5,8.51,P,4,Trap,3.250729844,3.36142634,4.846720866,3.829784347,2.413223216,7.411013675,10.44194053,3.230242943
6078,10,84,13-Sep,36.91,2.54,2.71,2.58,5.3,10.41,2.4,5,7.93,P,4,Trap,2.720574703,2.908867194,5.682834853,2.773649771,2.691381871,8.616033888,8.403091668,2.990757436
6079,10,85,13-Sep,38.08,3.29,3.67,4.48,5.94,15.92,2.36,5,7.53,P,4,Trap,3.402201757,3.793567965,6.177877967,4.600326071,2.541052813,7.956273484,11.79609579,3.844451222
6080,10,86,13-Sep,34.77,2.59,2.81,2.76,4.77,10.92,2.25,3,7.29,P,4,Trap,2.895632912,3.146593988,5.417969671,3.087763205,2.74318032,8.451151208,9.129990105,3.28519786
6081,10,87,13-Sep,30.95,2.38,2.48,2.32,3.72,9.5,1.62,5,5.81,P,4,Trap,2.908867659,3.062442751,4.841247709,2.887161951,2.473399979,7.819257826,8.858472361,3.302283105
6082,10,88,13-Sep,43.34,3.13,4.13,0,0,7.26,2.49,5,8.29,P,4,Trap,2.934815693,3.915043228,0,0,2.175043544,7.548461752,6.849858921,3.826527561
6083,10,89,13-Sep,32.37,1.53,2.02,0,0,3.55,1.69,3,6.44,P,4,Trap,1.975885109,2.511053944,0,0,2.409496336,8.133993062,4.486939053,2.713261888
6084,10,90,13-Sep,37.25,2.57,2.97,0,0,5.54,2.33,3,7.65,P,4,Trap,2.730705642,3.146985366,0,0,2.589320436,8.260547958,5.877691008,3.219865032
6085,10,91,13-Sep,35.26,2.17,3.04,2.52,4.07,10.25,2.07,4,7.38,P,4,Trap,2.446998089,3.345058413,4.657261231,2.817054989,2.516974133,8.432362663,8.609111491,3.470676455
6086,10,92,13-Sep,39.25,0,3.64,3.14,3.51,9.92,2.27,4,7.53,P,4,Trap,0,3.688268736,3.602921081,3.187002372,2.340723755,7.69651308,6.875271108,3.708145009
6087,10,93,13-Sep,25,0,2.25,2.57,3.25,7.39,1.15,4,5.11,P,4,Trap,0,3.215374726,5.108421618,3.510047433,2.564475104,8.440261591,6.725422159,3.612900173
6088,10,94,13-Sep,41.55,3.1,3.82,0,0,6.92,2.56,6,8.19,P,4,Trap,3.009420456,3.720244612,0,0,2.413837573,7.845872969,6.729665068,3.679166982
6089,10,95,13-Sep,40.27,2.7,3.2,0,0,5.9,2.36,5,7.49,P,4,Trap,2.684221628,3.182623255,0,0,2.334539448,7.430055291,5.866844883,3.175467797
6090,10,96,13-Sep,37.81,2.59,3.2,3.8,5.25,13.39,2.23,5,7.86,P,4,Trap,2.71798013,3.34094471,5.521329556,3.937246925,2.436513365,8.346218192,9.996171765,3.398983425
6091,10,97,13-Sep,36.1,2.37,2.93,0,3.01,5.3,2.03,4,6.82,P,4,Trap,2.59790982,3.180997429,3.493189621,0,2.397763527,7.685868014,5.778907249,3.284354045
6092,10,98,13-Sep,36.78,0,3.11,2.87,4.55,8.85,2.13,5,7.33,P,4,Trap,0,3.317233774,4.948941174,3.071796849,2.433640656,8.044896155,6.389030623,3.402569237
6093,10,99,13-Sep,44.55,2.82,3.57,3.73,5.85,13.85,2.82,4,9.37,P,4,Trap,2.55410521,3.277169666,5.286278776,3.444852279,2.390942552,8.359820651,9.276127155,3.156586947
6094,10,100,13-Sep,42.66,3.37,3.61,1.15,5.57,9.28,2.94,4,8.85,P,4,Trap,3.214553815,3.438806882,5.2404399,0.983298255,2.689166415,8.259433611,7.636658952,3.368312369
6145,11,51,13-Sep,27.32,0,2.33,2.88,4.64,8.09,1.61,4,5.3,P,1,Net,0,3.146063435,6.210985741,3.67465343,2.805702955,8.115181131,6.820716865,3.07650543
6146,11,52,13-Sep,55.47,3.17,4.06,4.01,6.26,15.25,4.02,4,11.94,P,1,Net,2.265957715,3.064376866,4.343347838,3.040497748,2.561204676,8.505390213,8.370832329,3.149239826
6147,11,53,13-Sep,35.13,0,2.85,4.12,6.06,11.09,1.95,4,7.19,P,1,Net,0,3.163424994,6.663367552,4.425202067,2.409232917,8.27122493,7.588627061,3.136709893
6148,11,54,13-Sep,40.33,0,3.61,4.46,6.81,12.53,2.7,3,8.09,P,1,Net,0,3.588761756,6.769114724,4.439318956,2.668881548,8.016734245,8.028080712,3.59057202
6149,11,55,13-Sep,27.66,0,2.5,2.97,4.48,8.44,1.32,2,5.38,P,1,Net,0,3.294181608,6.008861517,3.743345688,2.483641519,8.119695202,7.037527296,3.226488723
6150,11,56,13-Sep,31.18,0,2.66,3.64,5.9,9.94,1.95,4,6.44,P,1,Net,0,3.227640339,6.992751911,4.19274789,2.781711361,8.398193815,7.420388229,3.179256932
6151,11,57,13-Sep,26.34,0,1.76,2,3.64,5.76,1.44,4,5.39,P,1,Net,0,2.639134584,5.33240262,2.856069862,2.728115328,8.422758222,5.495204446,2.564200645
6152,11,58,13-Sep,33.23,0,2.52,3.5,5.59,9.52,2.07,3,6.6,P,1,Net,0,2.955705793,6.428767623,3.924274741,2.708399764,8.103058065,6.879980534,2.918567962
6153,11,59,13-Sep,30.38,1.96,2.24,2.91,4.93,10.02,1.47,4,5.6,P,1,Net,2.522177555,2.859126991,6.121867731,3.512883754,2.377150033,7.735807767,8.8941883,2.806355066
6154,11,60,13-Sep,28.17,0,2.11,2.22,3.49,6.55,1.32,4,5.53,P,1,Net,0,2.871358867,4.955675182,2.961384075,2.435549365,8.156466308,5.832742942,2.806463663
6155,11,61,13-Sep,46.84,0,3.13,2.89,5.1,8.91,3.75,4,10.18,P,1,Net,0,2.689789125,4.252559742,2.461338371,3.104999353,8.661400715,5.151127496,2.727310951
6156,11,62,13-Sep,33.2,1.72,2.17,3.07,5.36,10.03,1.69,5,6.43,P,1,Net,2.117381224,2.607636542,6.202484467,3.496154836,2.331228714,7.939718588,8.221172602,2.570334143
6157,11,63,13-Sep,33.79,0,3.12,3.98,5.85,11.08,1.74,5,6.34,P,1,Net,0,3.519665137,6.61938655,4.369179637,2.325592693,7.718728298,7.888844774,3.485599268
6158,11,64,13-Sep,32.84,0,2.49,2.41,4.84,7.31,1.93,4,6.34,P,1,Net,0,2.950805536,5.727086585,2.858715975,2.605176116,7.929644866,5.809521511,2.911528303
6159,11,65,13-Sep,30.39,0,2.4,3.02,4.39,8.44,1.7,4,5.98,P,1,Net,0,3.018483408,5.580628783,3.622257055,2.60620705,8.113587592,6.640740463,2.96576634
6160,11,66,13-Sep,51.18,0,1.9,0,0,1.9,3.92,3,10.71,P,1,Net,0,1.180474038,0,0,2.865744556,8.227845028,1.180474038,1.241803572
6161,11,67,13-Sep,29.99,1.52,2.12,3.06,4.72,9.76,1.62,4,6.11,P,1,Net,2.104968537,2.764226734,5.960186693,3.687324987,2.563926386,8.332394568,8.556520258,2.709315407
6162,11,68,13-Sep,28.6,0,2.39,0,0,2.39,1.67,4,5.41,P,1,Net,0,3.123684792,0,0,2.745001079,7.940998809,3.123684792,3.061148415
6163,11,69,13-Sep,26.01,1.37,2.17,1.98,3.51,7.5,1.27,3,5.07,P,1,Net,2.18755343,3.070372828,5.243287895,2.856750906,2.58923378,8.176023977,8.114677164,2.993628626
6164,11,70,13-Sep,54.67,0,4.55,3.25,4.71,11.05,3.91,4,11.85,P,1,Net,0,3.605863518,2.892463658,2.330633611,2.526643348,8.593004164,5.936497129,3.68633796
6165,11,71,13-Sep,48.37,0,3.3,0,0,3.3,3.52,3,10.67,P,1,Net,0,2.761320903,0,0,2.730722892,8.811714032,2.761320903,2.807235769
6166,11,72,13-Sep,31.69,0,2.18,2.38,4.54,6.94,1.69,4,6.25,P,1,Net,0,2.714817598,5.569565576,2.900786278,2.473619208,8.094964921,5.615603876,2.669231871
6167,11,73,13-Sep,25.95,0,2.01,0,2.13,2.01,1.15,3,5.35,P,1,Net,0,2.914234327,3.870721582,0,2.474891681,8.469345023,2.914234327,2.837160986
6168,11,74,13-Sep,32.98,0,2.23,2.55,4.86,7.33,1.67,4,6.06,P,1,Net,0,2.681795372,5.729741317,2.989942199,2.331974349,7.618562424,5.671737571,2.643286129
6169,11,75,13-Sep,27.65,0,1.84,2.1,4.18,6.04,1.46,2,5.76,P,1,Net,0,2.634825191,5.710100465,2.873972386,2.624584502,8.501915376,5.508797577,2.56707745
6170,11,76,13-Sep,47.21,0,3.48,5.03,8.02,13.54,3.13,4,8.97,P,1,Trap,0,3.015976548,7.126718676,4.578150534,2.450108967,7.369254262,7.594127082,3.055528064
6171,11,77,13-Sep,39.29,0,3.05,0,0,3.05,3.09,2,7.81,P,1,Trap,0,3.095694404,0,0,3.156951822,7.967632382,3.095694404,3.091799594
6172,11,78,13-Sep,44.45,0,3.27,0,0,3.27,3.35,3,9.42,P,1,Trap,0,2.983605498,0,0,2.930372386,8.432022395,2.983605498,3.008016627
6173,11,79,13-Sep,45.54,1.1,3.47,3.68,6.95,11.93,3.26,4,9.92,P,1,Trap,0.776251179,3.113454935,6.263622949,3.332809148,2.737587195,8.690023386,7.222515262,3.143845419
6174,11,80,13-Sep,51.64,2.8,3.68,3.6,7.78,13.68,3.59,4,10.55,P,1,Trap,2.119776846,2.930869213,6.337864825,2.870523192,2.492367319,7.965717006,7.921169251,2.994722144
6175,11,81,13-Sep,45.41,0,3.44,2.91,6.69,9.26,3.23,5,9.41,P,1,Trap,0,3.091821516,6.01972927,2.570956226,2.719845979,8.208885653,5.662777742,3.121498866
6176,11,82,13-Sep,48.78,0,4.51,5.89,7.02,16.29,3.62,4,9.73,P,1,Trap,0,3.944933994,5.93220388,5.339758903,2.792060572,7.780686882,9.284692897,3.993097975
6177,11,83,13-Sep,39.42,0,2.91,3.4,5.71,9.71,2.49,3,8.06,P,1,Trap,0,2.947327823,5.781858969,3.436348501,2.544693037,8.188770115,6.383676324,2.944146147
6178,11,84,13-Sep,42.31,0,3.29,3.07,4.92,9.43,3.18,3,8.49,P,1,Trap,0,3.141332292,4.633803071,2.925232695,2.962170834,7.977139715,6.066564987,3.154004137
6179,11,85,13-Sep,35.56,2.27,2.36,1.14,3.56,6.91,2.24,3,7.66,P,1,Trap,2.529466564,2.645750919,4.110092799,1.41825404,2.658684631,8.645757431,6.593471523,2.621394646
6180,11,86,13-Sep,47.74,0,3.38,4.94,7.8,13.26,3.23,3,9.19,P,1,Trap,0,2.881866641,6.841054445,4.454935525,2.500130846,7.471585019,7.336802166,2.92432555
6181,11,87,13-Sep,40.35,0,0,2.52,5.78,5.04,2.87,2,8.02,P,1,Trap,0,0,5.736636829,2.49806556,2.836995581,7.942293896,2.49806556,0
6182,11,88,13-Sep,38.05,0,2.82,0,0.59,2.82,2.57,4,8.11,P,1,Trap,0,2.945498714,0.83159481,0,2.753881764,8.542934007,2.945498714,2.934801703
6183,11,89,13-Sep,34.13,0,2.34,3.07,5.1,8.48,1.95,4,7.13,P,1,Trap,0,2.717783309,5.827262326,3.437871895,2.503531257,8.433242369,6.155655204,2.685582561
6184,11,90,13-Sep,37.76,0,2.55,3.5,5.45,9.55,2.51,4,7.95,P,1,Trap,0,2.694162626,5.727524295,3.640380417,2.721228282,8.447319064,6.334543043,2.681874776
6185,11,91,13-Sep,36.61,0,3.25,3.23,6.08,9.71,2.33,4,6.88,P,1,Trap,0,3.468174688,6.500003286,3.44245072,2.649671374,7.632639119,6.910625408,3.449578345
6186,11,92,13-Sep,39.82,0,2.99,0,1.54,2.99,2.83,4,8.7,P,1,Trap,0,3.001584497,1.562301059,0,2.846973701,8.739963139,3.001584497,3.00059708
6187,11,93,13-Sep,47.84,0,2.59,2.95,6.77,8.49,3.76,4,11.2,P,1,Trap,0,2.08543081,5.798664968,2.458668542,3.020701012,9.459383275,4.544099352,2.128438283
6188,11,94,13-Sep,55.78,0,3.2,4.7,8.7,12.6,4.32,5,11.2,P,1,Trap,0,2.184425788,6.744940458,3.711070101,2.831972191,7.696564807,5.895495889,2.270989299
6189,11,95,13-Sep,35.22,0,2.62,3.01,5.1,8.64,2.17,4,7.07,P,1,Trap,0,2.927632746,5.692217022,3.309561782,2.620746066,8.13124336,6.237194528,2.901411353
6190,11,96,13-Sep,47.48,0,3.4,4.93,7.45,13.26,3.58,3,9.57,P,1,Trap,0,2.918599803,6.523267087,4.46122968,2.874648415,7.909309554,7.379829483,2.959632443
6191,11,97,13-Sep,49.32,0,3.57,4.31,6.48,12.19,3.66,5,9.75,P,1,Trap,0,2.970180504,5.325300702,3.725917195,2.781139469,7.680797465,6.696097699,3.021306734
6192,11,98,13-Sep,45.15,0,3.06,3.03,5.97,9.12,3.11,4,9.46,P,1,Trap,0,2.728554677,5.331941911,2.707250381,2.624363548,8.316610187,5.435805058,2.75680576
6193,11,99,13-Sep,37.39,0,2.4,2.85,5.69,8.1,2.32,4,7.57,P,1,Trap,0,2.567975202,6.013365361,3.013568253,2.566118668,8.149465517,5.581543455,2.553657664
6194,11,100,13-Sep,37.1,2.17,2.73,2.77,5.32,10.44,2.4,5,7.82,P,1,Trap,2.339471404,2.916639114,5.679294846,2.951742504,2.673465187,8.463850574,8.207853022,2.900730737
6245,12,51,13-Sep,37.13,2.78,2.98,2.69,5.33,11.14,2.22,4,7.16,P,2,Trap,2.947718252,3.164708364,5.685578003,2.869862409,2.490636237,7.797190051,8.982289025,3.064506804
6246,12,52,13-Sep,42.42,2.58,2.96,3.04,5.88,11.62,2.79,5,8.53,P,2,Trap,2.438579035,2.804252878,5.580174646,2.888339014,2.561798017,7.992717797,8.131170927,2.888743392
6247,12,53,13-Sep,39.19,2.45,3.31,2.84,5.51,11.44,2.31,0,7.3,P,2,Trap,2.497335116,3.362130235,5.610354767,2.890762561,2.386381656,7.479834126,8.750227912,3.333850352
6248,12,54,13-Sep,38.63,2.98,3.06,3.39,6.15,12.82,2.69,4,7.69,P,2,Trap,3.060060629,3.148170892,6.319735841,3.475857666,2.819188726,7.994163892,9.684089187,3.100339485
6249,12,55,13-Sep,47.74,2.81,3.46,2.89,4.89,12.05,3.4,4,9.86,P,2,Trap,2.357686666,2.961866641,3.931054445,2.404935525,2.670130846,8.141585019,7.724488832,3.232096634
6250,12,56,13-Sep,48.09,2.62,3.3,0,0,5.92,3.26,5,9.3,P,2,Trap,2.14723322,2.779341231,0,0,2.497126427,7.503878915,4.926574451,3.061790926
6251,12,57,13-Sep,46.46,2.68,2.87,2.77,4.59,11.09,3.36,4,9.56,P,2,Trap,2.302487837,2.454245285,3.789639757,2.365152906,2.750832722,8.125767342,7.121886028,2.67978608
6252,12,58,13-Sep,40.22,0,3.65,3.31,5.56,10.27,2.37,5,7.88,P,2,Trap,0,3.635841171,5.53274315,3.296212638,2.349254365,7.831156163,6.932053809,3.643522127
6253,12,59,13-Sep,50.65,2.71,3.27,3.8,8.02,13.58,3.45,4,10.04,P,2,Trap,2.087630877,2.584583945,6.700520651,3.132566323,2.445722676,7.675514271,7.804781145,2.956412035
6254,12,60,13-Sep,45.29,2.4,3.18,3.85,7.2,13.28,2.95,5,8.44,P,2,Trap,2.090860783,2.839544513,6.544596643,3.518476605,2.45116178,7.265527746,8.448881901,3.024236588
6255,12,61,13-Sep,47.35,2.24,2.76,0,0,5,3.23,4,9.31,P,2,Trap,1.810477648,2.286966384,0,0,2.536907199,7.678171821,4.097444032,2.543580137
6256,12,62,13-Sep,47.24,2.67,3.15,0,2.75,5.82,3.04,4,9.49,P,2,Trap,2.246905873,2.684045799,1.853001833,0,2.357280016,7.882593739,4.930951672,2.936819074
6257,12,63,13-Sep,43.3,3.01,3.58,3.81,6.47,14.21,2.73,3,8.4,P,2,Trap,2.817153229,3.36761756,6.061147244,3.603189565,2.418815477,7.66734245,9.787960354,3.482831898
6258,12,64,13-Sep,47.58,2.9,3.3,3.87,7.72,13.94,3.02,4,9.47,P,2,Trap,2.457036812,2.812163972,6.780877609,3.394962697,2.305218581,7.78710781,8.664163481,3.076807815
6259,12,65,13-Sep,43.13,2.67,3.17,3.68,6.53,13.2,3.03,4,8.42,P,2,Trap,2.48708776,2.968558474,6.142209356,3.483843436,2.734846195,7.725085415,8.93948967,3.077837528
6260,12,66,13-Sep,48.54,2.38,3.4,2.53,6,10.84,3.49,4,9.37,P,2,Trap,1.880935933,2.850379989,4.941938626,1.994799662,2.684692174,7.473971068,6.726115584,3.148540731
6261,12,67,13-Sep,42.5,2.3,3.05,3.28,5.93,11.91,2.67,4,8.55,P,2,Trap,2.153903962,2.889104212,5.620263064,3.123325428,2.434254149,7.994956402,8.166333602,2.976387802
6262,12,68,13-Sep,47.88,0,3.2,0,0,3.2,3.48,4,9.48,P,2,Trap,0,2.692856477,0,0,2.736929079,7.730502578,2.692856477,2.967974351
6263,12,69,13-Sep,41.55,2.32,2.99,3.65,6.37,12.61,2.54,4,8.26,P,2,Trap,2.229420456,2.890244612,6.1779631,3.552861765,2.393837573,7.915872969,8.672526833,2.944360437
6264,12,70,13-Sep,39.38,2.81,3.07,0,1.31,5.88,2.41,3,7.33,P,2,Trap,2.846231817,3.109902155,1.38681476,0,2.468464971,7.467650812,5.956133972,3.088255825
6265,12,71,13-Sep,45.69,2.76,3.51,3.66,6.19,13.59,3.12,4,9.24,P,2,Trap,2.427485417,3.143801187,5.485038733,3.303408674,2.583442444,7.97672077,8.874695278,3.342458637
6266,12,72,13-Sep,39.22,2.44,3.04,2.67,5.48,10.82,2.33,4,7.18,P,2,Trap,2.485581964,3.090199486,5.576637924,2.718882467,2.403552705,7.353173603,8.294663917,3.062967006
6267,12,73,13-Sep,47.5,2.62,4,4.41,7.37,15.44,2.99,4,8.99,P,2,Trap,2.181711885,3.517312637,6.440789191,3.939976284,2.282762448,7.324869205,9.639000806,3.779163405
6268,12,74,13-Sep,36.79,2.36,2.65,2.73,5.14,10.47,2.17,3,7.38,P,2,Trap,2.547587313,2.856590191,5.537702226,2.931170151,2.472697672,8.09267598,8.335347655,2.744518063
6269,12,75,13-Sep,37.09,1.96,2.51,2.44,5.28,9.35,2.33,5,7.4,P,2,Trap,2.130055789,2.697282697,5.640533794,2.622369202,2.60440817,8.046070749,7.449707688,2.595684599
6270,12,76,13-Sep,47.59,1.7,3.15,3.37,6.51,11.59,3.07,4,8.9,P,2,Trap,1.256452428,2.661520389,5.569638661,2.894335999,2.354275597,7.214887635,6.812308816,2.926513366
6271,12,77,13-Sep,46.88,0,2.81,0,0,2.81,3.49,3,9.38,P,2,Trap,0,2.367214792,0,0,2.841227419,7.852520017,2.367214792,2.60741923
6272,12,78,13-Sep,46.17,2.27,3.01,0,0,5.28,2.85,4,8.67,P,2,Trap,1.909434978,2.612909196,0,0,2.268179241,7.300152399,4.522344174,2.828325095
6273,12,79,13-Sep,49.71,2.11,3.27,3.34,6.83,12.06,3.19,5,9.58,P,2,Trap,1.542562987,2.645080761,5.62698174,2.731475962,2.274363116,7.424210664,6.91911971,2.984090222
6274,12,80,13-Sep,49.51,2.59,3.35,3.49,7.24,12.92,3.24,4,9.43,P,2,Trap,2.03425067,2.737952424,6.061760694,2.894009928,2.343222784,7.318614152,7.666213022,3.069979198
6275,12,81,13-Sep,46.41,2.26,2.79,2.82,6.59,10.69,3.11,4,8.85,P,2,Trap,1.885409758,2.3774632,5.795834495,2.418286397,2.505547639,7.426868214,6.681159355,2.601258323
6276,12,82,13-Sep,49.63,2.6,3.49,3.45,7.3,12.99,3.69,3,10.02,P,2,Trap,2.037238061,2.870229426,6.106893321,2.846489548,2.781906983,7.881972059,7.753957035,3.206445812
6277,12,83,13-Sep,40.82,2.55,2.75,3.49,5.96,12.28,2.61,4,8.1,P,2,Trap,2.502080499,2.697226182,5.858406285,3.43861074,2.532675361,7.9179457,8.637917421,2.725855199
6278,12,84,13-Sep,47.01,2.61,3.06,3.22,7.08,12.11,3.01,4,8.73,P,2,Trap,2.200346709,2.608848211,6.211497631,2.7806845,2.348968635,7.17365775,7.58987942,2.853591396
6279,12,85,13-Sep,48.4,3.09,3.38,2.62,7.14,11.71,3.46,4,10.09,P,2,Trap,2.599117311,2.839390154,6.099283894,2.093573438,2.667893942,8.225053509,7.532080903,3.132663014
6280,12,86,13-Sep,51.11,1.89,2.66,2.38,5.65,9.31,3.72,5,10.25,P,2,Trap,1.240749206,1.94497912,4.273529055,1.683738201,2.67234544,7.783386249,4.869466527,2.332867391
6281,12,87,13-Sep,46.76,2.49,3.08,2.43,6.25,10.43,3.37,4,9.4,P,2,Trap,2.094956313,2.64493779,5.412471324,2.006351957,2.73254322,7.89916211,6.74624606,2.880952616
6282,12,88,13-Sep,39.77,2.45,2.42,3.31,6.35,11.49,2.45,2,7.67,P,2,Trap,2.463440836,2.434802412,6.378495798,3.324414061,2.471688618,7.721064011,8.222657309,2.426772322
6283,12,89,13-Sep,40.42,0,2.8,0,2.13,2.8,2.5,5,7.82,P,2,Trap,0,2.772969508,2.077964195,0,2.460394697,7.726752675,2.772969508,2.787633151
6284,12,90,13-Sep,46.97,2.9,3.6,2.4,6.03,11.3,3.13,3,8.94,P,2,Trap,2.492684245,3.151422544,5.166453422,1.963191293,2.472740568,7.392538448,7.607298082,3.394769191
6285,12,91,13-Sep,44.65,2.34,2.87,0,6.25,5.21,3.16,4,8.66,P,2,Trap,2.068261369,2.570733835,5.673889299,0,2.721512718,7.627618907,4.638995204,2.733081311
6286,12,92,13-Sep,36.79,2.31,2.69,0,0,5,2.21,4,6.95,P,2,Trap,2.497587313,2.896590191,0,0,2.512697672,7.66267598,5.394177504,2.784518063
6287,12,93,13-Sep,47.05,0,2.99,3.69,6.95,10.37,3.36,3,9.85,P,2,Trap,0,2.536273879,6.07654184,3.248177707,2.695196701,8.284777052,5.784451586,2.782413601
6288,12,94,13-Sep,45.91,2.05,2.6,2.69,6.7,10.03,2.89,4,8.59,P,2,Trap,1.704628966,2.219642358,5.967781883,2.319621311,2.332696809,7.277876933,6.243892635,2.425980763
6289,12,95,13-Sep,43.61,0,3.01,3.37,6.05,9.75,2.87,5,8.58,P,2,Trap,0,2.777666483,5.602739864,3.143761918,2.529582992,7.778517044,5.921428401,2.903703986
6290,12,96,13-Sep,51.61,2.87,4.02,0,0,6.89,3.37,4,9.37,P,2,Trap,2.191529998,3.272799962,0,0,2.275196269,6.792377529,5.46432996,3.678144951
6291,12,97,13-Sep,47.79,2.12,2.37,3.52,6.6,11.53,3.79,4,10.43,P,2,Trap,1.664764745,1.868648726,5.634859707,3.031802033,3.055415929,8.700484147,6.565215504,2.14062439
6292,12,98,13-Sep,48.77,2.09,2.92,2.58,6.33,10.17,3.82,3,10.52,P,2,Trap,1.577495098,2.355577577,5.243442828,2.030385601,2.993003556,8.572907057,5.963458276,2.661768408
6293,12,99,13-Sep,50.55,2.41,2.39,2.67,7.07,10.14,4.49,3,10.96,P,2,Trap,1.793474719,1.711019776,5.762910129,2.008833306,3.49515251,8.617716015,5.513327801,2.079356523
6294,12,100,13-Sep,37.64,1.94,2.52,2.49,5.37,9.44,2,2,7.09,P,2,Trap,2.07791466,2.671885624,5.662391668,2.637900796,2.222544083,7.613961157,7.38770108,2.589489915
6345,13,51,13-Sep,44.17,0,3.69,0,0,3.69,3.15,1,9.3,P,7,Net,0,3.421625826,0,0,2.756775921,8.374187278,3.421625826,3.547931421
6346,13,52,13-Sep,49.41,2.14,2.39,0,0,4.53,3.55,0,10.34,P,7,Net,1.590094512,1.784388255,0,0,2.662652618,8.250815896,3.374482767,2.069408794
6347,13,53,13-Sep,35.45,1.83,3.07,3.05,5.54,11,2.33,5,7.11,P,7,Net,2.09589479,3.362830334,6.103721224,3.335147721,2.759057448,8.120179349,8.793872845,3.225014877
6348,13,54,13-Sep,38.7,0,2.47,0,0,2.47,2.99,2,7.96,P,7,Net,0,2.55366581,0,0,3.112587842,8.248622671,2.55366581,2.514289965
6349,13,55,13-Sep,40.4,1.81,2.81,0,0,4.62,2.7,2,8.55,P,7,Net,1.786624634,2.784256674,0,0,2.662280664,8.461193024,4.570881308,2.796372319
6350,13,56,13-Sep,54.18,2.51,3.01,0,0,5.52,3.92,0,11.03,P,7,Net,1.681343271,2.097399092,0,0,2.582849535,7.88179271,3.778742363,2.526898692
6351,13,57,13-Sep,41.73,2.6,3.48,0,0,6.08,2.78,5,8.24,P,7,Net,2.498901542,3.368660115,0,0,2.616863871,7.85590983,5.867561657,3.421060278
6352,13,58,13-Sep,38.18,1.97,2.85,0,0,4.82,2.68,4,8.13,P,7,Net,2.076357916,2.967132133,0,0,2.851622979,8.53407174,5.043490049,2.912005951
6353,13,59,13-Sep,31.19,0,2.39,0,0,2.39,2.2,0,6.69,P,7,Net,0,2.956996756,0,0,3.030768378,8.645973641,2.956996756,2.690149684
6354,13,60,13-Sep,44.31,2.81,3.4,0,0,6.21,3.1,4,9.58,P,7,Net,2.55813043,3.122615662,0,0,2.693574153,8.623104836,5.680746092,3.253161732
6355,13,61,13-Sep,39.22,2.49,3.1,0,0,5.59,2.69,3,7.57,P,7,Net,2.535581964,3.150199486,0,0,2.763552705,7.743173603,5.68578145,3.126573979
6356,13,62,13-Sep,52.55,0,3.83,0,0,3.83,4.61,4,12.16,P,7,Net,0,3.022303146,0,0,3.42655583,9.373681136,3.022303146,3.402431494
6357,13,63,13-Sep,39.55,2.5,3.34,0,2.19,5.84,2.69,2,7.95,P,7,Net,2.526297287,3.368961242,2.245752649,0,2.732434253,8.049907848,5.895258529,3.355331142
6358,13,64,13-Sep,35.13,2.24,2.87,0,0,5.11,2.37,0,7.19,P,7,Net,2.524595083,3.183424994,0,0,2.829232917,8.27122493,5.708020077,3.035917022
6359,13,65,13-Sep,38.69,1.9,2.69,0,0,4.59,2.66,3,7.64,P,7,Net,1.976554324,2.774309393,0,0,2.783530826,7.930842846,4.750863717,2.734630657
6360,13,66,13-Sep,40.62,2.14,2.99,0,0,5.13,2.74,3,7.7,P,7,Net,2.103768183,2.950097845,0,0,2.681535029,7.562349188,5.053866028,2.968877094
6361,13,67,13-Sep,30.98,1.93,2.42,0,1.5,4.35,1.99,2,6.16,P,7,Net,2.457114506,3.000512002,2.617530866,0,2.840571029,8.162597303,5.457626508,2.727304217
6362,13,68,13-Sep,42.49,3.26,3.95,4.4,6.52,16.01,3.18,3,9.19,P,7,Net,3.114488346,3.789747796,6.211502011,4.243952126,2.945197133,8.637176576,11.14818827,3.865167683
6363,13,69,13-Sep,44.64,2.23,3.51,0,0,5.74,3.42,1,9.51,P,7,Net,1.958845753,3.211377418,0,0,2.982455701,8.479839081,5.170223171,3.351918895
6364,13,70,13-Sep,50.86,2.36,3.07,0,1.96,5.43,3.83,1,11.15,P,7,Net,1.72535881,2.371068698,0.614502749,0,2.805920025,8.738890608,4.096427508,2.700008448
6365,13,71,13-Sep,43.14,1.98,2.85,2.55,5,9.93,3.16,3,9.17,P,7,Net,1.796503376,2.647914891,4.610970408,2.353216737,2.863903212,8.47286524,6.797635004,2.743022701
6366,13,72,13-Sep,39.82,2.43,3.43,0,0,5.86,2.91,3,8.27,P,7,Net,2.440518915,3.441584497,0,0,2.926973701,8.309963139,5.882103412,3.436132457
6367,13,73,13-Sep,44.45,2.28,2.9,0,0,5.18,2.98,1,8.81,P,7,Net,2.019949052,2.613605498,0,0,2.560372386,7.822022395,4.63355455,2.748392044
6368,13,74,13-Sep,32.68,1.46,2.26,0,0,3.72,2.32,0,6.49,P,7,Net,1.8877692,2.731102866,0,0,3.010263851,8.115167656,4.618872066,2.509386571
6369,13,75,13-Sep,35.33,0,2.82,0,2.48,2.82,2.27,3,7.16,P,7,Net,0,3.120553331,3.058588597,0,2.710373249,8.196821442,3.120553331,2.979103181
6370,13,76,13-Sep,45.08,0,3.69,0,0,3.69,3.29,2,9.4,P,7,Trap,0,3.363059759,0,0,2.810964431,8.272151408,3.363059759,3.516928445
6371,13,77,13-Sep,43.51,1.89,3.1,0,0,4.99,3.57,1,9.44,P,7,Trap,1.684881162,2.874102314,0,0,3.239012826,8.660718788,4.558983476,2.980417095
6372,13,78,13-Sep,40.78,1.48,3.02,0,0,4.5,3.16,3,8.26,P,7,Trap,1.434418036,2.969800514,0,0,3.086447295,8.086826397,4.40421855,2.993426021
6373,13,79,13-Sep,62.37,2.86,3.25,1.7,7.07,9.51,4.53,0,12.67,P,7,Trap,1.55273265,1.810304492,4.298473894,0.298075929,2.420546128,7.703469881,3.661113071,2.487871915
6374,13,80,13-Sep,46.61,2.39,2.58,0,0,4.97,3.47,0,9.71,P,7,Trap,2.003722075,2.154591537,0,0,2.846687971,8.242464726,4.158313612,2.354802564
6375,13,81,13-Sep,40.39,0,3.01,1.27,4.28,5.55,2.69,2,7.83,P,7,Trap,0,2.984900257,4.231681038,1.245558767,2.653223647,7.743413199,4.230459024,2.996713011
6376,13,82,13-Sep,41.42,2.69,3.32,0,5.04,6.01,2.72,3,8.61,P,7,Trap,2.60701745,3.228611193,4.86406942,0,2.586096357,8.294735236,5.835628643,3.271621731
6377,13,83,13-Sep,40.5,2.49,2.82,0,0,5.31,3.2,2,8.42,P,7,Trap,2.460780792,2.787820842,0,0,3.15285083,8.30899128,5.248601634,2.802965398
6378,13,84,13-Sep,36.15,1.93,2.57,0,0,4.5,2.4,4,7.15,P,7,Trap,2.154987899,2.817779513,0,0,2.76304861,8.004767142,4.972767412,2.701166434
6379,13,85,13-Sep,34.21,1.9,2.38,2.4,4.92,9.08,2.13,4,6.82,P,7,Trap,2.238358425,2.752634644,5.637350744,2.762858309,2.67598739,8.105480974,7.753851378,2.577260689
6380,13,86,13-Sep,44.96,0,3.04,0,0,3.04,3.12,0,9.64,P,7,Trap,0,2.720782757,0,0,2.652280232,8.538793501,2.720782757,2.87101675
6381,13,87,13-Sep,57.47,0,3.6,0,0,3.6,4.02,4,11.25,P,7,Trap,0,2.475660236,0,0,2.372607996,7.371355334,2.475660236,3.004811012
6382,13,88,13-Sep,55.64,2.51,3.44,0,0,5.95,4.61,0,11.56,P,7,Trap,1.596023185,2.433435952,0,0,3.135173958,8.087647248,4.029459137,2.907157655
6383,13,89,13-Sep,55.08,0,3.65,0,0,3.65,3.96,2,11.26,P,7,Trap,0,2.679476609,0,0,2.537981029,7.911977014,2.679476609,3.136236409
6384,13,90,13-Sep,38.27,2.58,2.9,0,1.61,5.48,2.66,3,7.49,P,7,Trap,2.681098458,3.011339885,1.82433796,0,2.823136129,7.87409017,5.692438343,2.958939722
6385,13,91,13-Sep,41.57,2.77,3.18,4.23,6.26,14.41,2.87,3,8.43,P,7,Trap,2.678251688,3.078957445,6.065485204,4.131608369,2.721951606,8.08143262,9.888817502,3.12651135
6386,13,92,13-Sep,42.09,2.5,3.41,3.18,5.23,12.27,3.18,4,8.81,P,7,Trap,2.377863712,3.275491122,4.971059921,3.049020058,2.982916469,8.345983552,8.702374892,3.338795364
6387,13,93,13-Sep,43.35,3.23,4.26,4.28,7,16.05,3.03,4,9.05,P,7,Trap,3.034231309,4.044399645,6.584952505,4.070056073,2.71410056,8.306241578,11.14868703,4.145868168
6388,13,94,13-Sep,46.96,2.54,3.25,1.25,1.84,8.29,3.36,2,9.69,P,7,Trap,2.133268629,2.802066127,0.977692369,0.813817991,2.703683552,8.144758622,5.749152747,3.012878343
6389,13,95,13-Sep,45.71,0,3.96,0,0,3.96,3.52,0,9.83,P,7,Trap,0,3.592514021,0,0,2.981556477,8.562280421,3.592514021,3.765464847
6390,13,96,13-Sep,59.35,2.19,3.84,0,0,6.03,4.3,2,11.82,P,7,Trap,1.059216664,2.594666604,0,0,2.475327116,7.523962548,3.653883268,3.18076091
6391,13,97,13-Sep,39.95,2.49,2.94,3.67,5.69,12.77,2.66,1,8.49,P,7,Trap,2.492921921,2.943217916,5.696194739,3.673133491,2.664714917,8.501100872,9.109273328,2.94170346
6392,13,98,13-Sep,43.3,2.64,3.62,0,0,6.26,2.84,4,9.08,P,7,Trap,2.447153229,3.40761756,0,0,2.528815477,8.34734245,5.854770789,3.507571628
6393,13,99,13-Sep,56.35,2.4,3.33,0,2.25,5.73,4.53,2,12.78,P,7,Trap,1.44453191,2.277741549,0.224320437,0,2.988222137,9.150014866,3.722273459,2.77296852
6394,13,100,13-Sep,46.98,2.54,3.62,0,0,6.16,3.44,3,10.08,P,7,Trap,2.132099861,3.170778961,0,0,2.781797585,8.530318273,5.302878822,3.382196959
6420,14,26,13-Sep,44.37,2.59,3.06,2.29,6.06,10.23,2.85,4,9.1,NP,2,Net,2.334624125,2.778754163,5.518579835,2.016132848,2.437916253,8.12978379,7.129511136,2.806720446
6421,14,27,13-Sep,39.85,0,2.39,0,0,2.39,2.39,2,8.06,NP,2,Net,0,2.399653747,0,0,2.404144751,8.093302616,2.399653747,2.398693806
6422,14,28,13-Sep,40.05,2.4,3.46,2.55,5.26,10.96,2.89,2,8.08,NP,2,Net,2.397078079,3.456782084,5.253805261,2.546866509,2.885285083,8.068899128,8.400726672,3.457102065
6423,14,29,13-Sep,33.64,2.24,2.49,1.77,4.87,8.27,1.67,4,6.62,NP,2,Net,2.611668321,2.899318884,5.657970766,2.168580112,2.269737444,8.032030914,7.679567317,2.858617382
6424,14,30,13-Sep,36.63,1.67,2.23,3.52,6.01,10.94,2.07,4,6.46,NP,2,Net,1.86693746,2.446887522,6.42752539,3.731197323,2.387785407,7.208198771,8.045022305,2.425320846
6425,14,31,13-Sep,33.15,1.78,2.11,1.89,4.71,7.67,1.96,5,6.24,NP,2,Net,2.180303145,2.550854458,5.558679205,2.319288328,2.605943631,7.76081946,7.050445931,2.507017149
6426,14,32,13-Sep,39.22,3.3,3.01,3.51,6.05,13.33,2.23,4,7.93,NP,2,Net,3.345581964,3.060199486,6.146637924,3.558882467,2.303552705,8.103173603,9.964663917,3.055207792
6427,14,33,13-Sep,42.19,2.63,2.89,3.49,6.15,12.5,2.87,5,8.7,NP,2,Net,2.50201987,2.74905529,5.878670444,3.352753075,2.663486635,8.213781808,8.603828235,2.76307043
6428,14,34,13-Sep,37.01,1.71,2.78,1.81,4.94,8.11,2.23,5,7.38,NP,2,Net,1.884730862,2.972431362,5.310445376,1.997382788,2.511952037,8.043832144,6.854545012,2.953296537
6429,14,35,13-Sep,39.94,2.39,2.69,0,0,5.08,2.69,2,7.98,NP,2,Net,2.393506305,2.693861499,0,0,2.6956579,7.993321046,5.087367804,2.693477522
6430,14,36,13-Sep,40.39,2.4,3.07,2.32,5.85,10.11,2.82,3,8.65,NP,2,Net,2.377209018,3.044900257,5.801681038,2.295558767,2.783223647,8.563413199,7.717668042,3.047396104
6431,14,37,13-Sep,44.54,2.29,3.05,2.55,6.2,10.44,3.07,4,9.26,NP,2,Net,2.024689595,2.75781325,5.637517724,2.265478977,2.641885535,8.252040825,7.047981822,2.786867466
6432,14,38,13-Sep,30.38,1.57,2.08,2.55,5.13,8.75,1.78,4,6.2,NP,2,Net,2.132177555,2.699126991,6.321867731,3.152883754,2.687150033,8.335807767,7.9841883,2.63756277
6433,14,39,13-Sep,38.73,0,3.12,0,0,3.12,2.52,3,8.37,NP,2,Net,0,3.20173506,0,0,2.639758892,8.651962148,3.20173506,3.193607559
6434,14,40,13-Sep,41.87,1.75,2.38,1.95,3.25,8.03,2.75,2,8.58,NP,2,Net,1.640720163,2.259649951,3.018316772,1.83280742,2.573662104,8.164827388,5.733177534,2.271617216
6435,14,41,13-Sep,43.06,2.71,3.3,3.14,5.97,12.29,2.59,3,8.38,NP,2,Net,2.531178449,3.103063556,5.59088199,2.948230324,2.301447079,7.700626636,8.582472329,3.122646354
6436,14,42,13-Sep,41.93,1.99,2.19,0,0,4.18,2.29,3,7.78,NP,2,Net,1.877213858,2.065788452,0,0,2.108004203,7.351506342,3.94300231,2.078139694
6437,14,43,13-Sep,40.63,2.28,2.95,2.27,5.6,9.77,2.65,4,7.66,NP,2,Net,2.243183798,2.909454262,5.521946292,2.230518008,2.590592046,7.520129013,7.383156068,2.913486014
6438,14,44,13-Sep,43.18,2.26,2.49,2.08,5.37,8.91,2.93,3,8.44,NP,2,Net,2.074165839,2.285340558,4.976014617,1.880709944,2.630131278,7.733984543,6.240216341,2.305691309
6439,14,45,13-Sep,32.45,1.78,1.96,2.13,4.46,8,1.83,3,6.71,NP,2,Net,2.221210036,2.445905279,5.395405548,2.603157208,2.541952469,8.386231667,7.270272523,2.397588245
6440,14,46,13-Sep,31.2,2.2,2.86,2.27,1.91,9.6,1.79,4,6.04,NP,2,Net,2.714258055,3.426353173,3.000274016,2.821494494,2.619825394,7.993753466,8.962105722,3.37003663
6441,14,47,13-Sep,29.48,1.2,2.2,0,2.24,3.4,1.57,6,5.98,NP,2,Net,1.814772129,2.877049474,3.543373028,0,2.56201854,8.315623462,4.691821603,2.809725607
6442,14,48,13-Sep,30.95,1.15,2.07,2.11,4.4,7.44,1.71,2,6.09,NP,2,Net,1.678867659,2.652442751,5.521247709,2.677161951,2.563399979,8.099257826,7.008472361,2.594526307
6443,14,49,13-Sep,36.85,2.31,2.62,3,5.42,10.93,1.95,4,7.1,NP,2,Net,2.494081008,2.822728692,5.81026854,3.197409961,2.247039772,7.799354934,8.514219661,2.80256993
6444,14,50,13-Sep,38.89,2.47,3.61,2.89,5.19,11.86,2.25,3,7.26,NP,2,Net,2.534866641,3.68143773,5.3275232,2.95956351,2.354671158,7.506439358,9.175867881,3.674334166
6470,14,76,13-Sep,43.52,1.61,2.71,0.97,6.95,6.26,3.01,5,9.22,NP,2,Trap,1.404296778,2.483458731,6.513890394,0.749402202,2.678069842,8.438498613,4.637157711,2.505985348
6471,14,77,13-Sep,47.02,0,3.13,2.89,6.96,8.91,3.49,4,9.47,NP,2,Trap,0,2.678204628,6.090258683,2.450057801,2.828025651,7.911437576,5.128262429,2.72312987
6472,14,78,13-Sep,51.98,2.84,3.75,3.28,7.01,13.15,4.21,3,12.17,NP,2,Trap,2.139907785,2.978987386,5.525740601,2.52921545,3.080305884,9.510231076,7.648110621,3.055654679
6473,14,79,13-Sep,38.15,0,2.74,0,0,2.74,2.71,5,7.97,NP,2,Trap,0,2.859062883,0,0,2.884451929,8.380732263,2.859062883,2.84722361
6474,14,80,13-Sep,42.4,2.76,3.4,3.78,6.58,13.72,2.43,4,8.1,NP,2,Trap,2.619747803,3.245540044,6.282652541,3.629592411,2.203683983,7.567158146,9.494880258,3.260899101
6475,14,81,13-Sep,39.26,2.67,2.36,2.77,5.44,10.57,2.36,3,7.55,NP,2,Trap,2.713244427,2.407625153,5.531682133,2.816375673,2.429780772,7.714292905,7.937245253,2.402889444
6476,14,82,13-Sep,48.86,0,3.49,0,6.32,3.49,3.57,5,10.19,NP,2,Trap,0,2.919785329,5.222292298,0,2.734516705,8.222925487,2.919785329,2.976485848
6477,14,83,13-Sep,31.36,0,2.73,1,2.03,4.73,1.71,4,6.46,NP,2,Trap,0,3.286055842,3.100450852,1.541467321,2.52473766,8.378230676,4.827523163,3.230763236
6478,14,84,13-Sep,34.03,2.08,2.72,1.41,4.54,7.62,2.1,3,6.59,NP,2,Trap,2.428877339,3.104219141,5.279651804,1.784138878,2.662961091,7.915444113,7.317235358,3.066013486
6479,14,85,13-Sep,43.03,2.41,3.47,0,0,5.88,2.96,5,8.46,NP,2,Trap,2.232931602,3.274994305,0,0,2.674276029,7.787287159,5.507925907,3.294385115
6480,14,86,13-Sep,49.95,2.98,3.41,0,0,6.39,3.26,3,10,NP,2,Trap,2.398537768,2.769634765,0,0,2.321731514,7.790926478,5.168172533,2.833310856
6481,14,87,13-Sep,40.51,2.14,3.15,3.5,5.94,12.29,2.52,3,7.83,NP,2,Trap,2.110196408,3.117177259,5.876813665,3.468038387,2.471907846,7.716771106,8.695412054,3.120441059
6482,14,88,13-Sep,42.51,2.27,2.75,0,1.44,5.02,3.19,4,8.51,NP,2,Trap,2.123319578,2.588460629,1.129024116,0,2.953311166,7.952736227,4.711780207,2.604523643
6483,14,89,13-Sep,45.32,2.66,3.15,0,1.81,5.81,2.97,3,8.63,NP,2,Trap,2.349107631,2.807613764,1.1508798,0,2.46833283,7.448867223,5.156721395,2.841659674
6484,14,90,13-Sep,38.87,2.46,2.74,1.99,3.65,9.18,2.31,4,7.63,NP,2,Trap,2.526035409,2.812724896,3.790001095,2.060816907,2.416557125,7.880879706,7.399577212,2.80549334
6485,14,91,13-Sep,39.43,0,2.36,3.18,6.03,8.72,2.71,5,8.47,NP,2,Trap,0,2.39668424,6.100620021,3.215721802,2.763750054,8.59654994,5.612406042,2.393036464
6486,14,92,13-Sep,37.06,2.2,2.77,0,0,4.97,2.22,6,7.14,NP,2,Trap,2.371808941,2.959213446,0,0,2.49723712,7.792731272,5.331022387,2.940398601
6487,14,93,13-Sep,43.57,0,2.88,1.64,6.28,6.16,2.98,4,8.95,NP,2,Trap,0,2.650240815,5.837695655,1.416268711,2.643354925,8.157397741,4.066509526,2.673087413
6488,14,94,13-Sep,43.4,2.55,3.29,0,1.92,5.84,2.82,3,8.03,NP,2,Trap,2.351309388,3.071181729,1.498757767,0,2.499385643,7.275140706,5.422491117,3.092940393
6489,14,95,13-Sep,40.1,1.96,1.08,2.94,6.34,8.92,2.54,2,8.14,NP,2,Trap,1.954156158,1.073564168,6.327610523,2.933733017,2.530570166,8.117798256,5.961453343,1.074204129
6490,14,96,13-Sep,32.99,1.68,2.36,2,4.48,8.04,2.14,5,6.92,NP,2,Trap,2.089653291,2.811151789,5.348502369,2.4393155,2.801031365,8.47634225,7.34012058,2.766290543
6491,14,97,13-Sep,42.45,2.34,2.83,3.08,5.75,11.33,2.97,4,8.69,NP,2,Trap,2.196825883,2.672322128,5.446457802,2.926458919,2.738969066,8.146057274,7.79560693,2.688001166
6492,14,98,13-Sep,40.7,2.37,2.95,0,0,5.32,2.7,5,8.03,NP,2,Trap,2.329093109,2.904949179,0,0,2.633991162,7.874587792,5.234042288,2.909428904
6493,14,99,13-Sep,42.33,2.56,3.64,2.9,5.93,12,2.92,3,8.82,NP,2,Trap,2.423838492,3.490045126,5.641325175,2.753979299,2.700284867,8.302699366,8.667862917,3.504956211
6494,14,100,13-Sep,46.23,2.6,2.85,0,0,5.45,3.33,3,9.89,NP,2,Trap,2.235928673,2.449047697,0,0,2.74252134,8.506831353,4.68497637,2.48891725
